player,player_id,pos,PTS,AST,REB,STL,BLK,TOV,AST_TO,STOCKS,FIC,age,year
Sam Hauser,1630573,F,8.52,0.9,3.15,0.58,0.18,0.32,2.8125,0.76,13.01,27.0,2025
Sam Hauser,1630573,F,8.0,1.28,3.56,0.59,0.31,0.56,2.2857142857142856,0.9,13.18,28.0,2026
Jordan Hawkins,1641722,G,10.79,1.18,2.82,0.54,0.41,1.04,1.1346153846153846,0.95,14.7,23.0,2025
Jordan Hawkins,1641722,G,4.36,0.73,1.73,0.15,0.21,0.61,1.1967213114754098,0.36,6.57,23.0,2026
Jaxson Hayes,1629637,C,6.84,1.04,4.8,0.55,0.91,0.77,1.3506493506493507,1.46,13.37,25.0,2025
Jaxson Hayes,1629637,C,6.34,0.88,4.0,0.38,0.56,0.53,1.660377358490566,0.94,11.63,25.0,2026
Killian Hayes,1630165,G,9.0,5.17,3.0,0.67,0.67,1.5,3.4466666666666668,1.34,17.01,23.0,2025
Scoot Henderson,1630703,G,12.68,5.08,3.0,1.03,0.2,2.68,1.8955223880597014,1.23,19.31,21.0,2025
Taylor Hendricks,1641707,F,4.67,0.67,5.0,1.67,1.33,0.67,1.0,3.0,12.67,21.0,2025
Taylor Hendricks,1641707,F,5.31,0.72,3.14,0.45,0.28,0.55,1.3090909090909089,0.73,9.35,22.0,2026
Tyler Herro,1629639,G,23.9,5.51,5.18,0.9,0.22,2.57,2.1439688715953307,1.12,33.14,25.0,2025
Tyler Herro,1629639,G,21.91,2.73,4.73,1.0,0.45,1.55,1.761290322580645,1.45,29.27,25.0,2026
Buddy Hield,1627741,G,11.12,1.63,3.22,0.84,0.28,1.11,1.4684684684684683,1.12,15.98,32.0,2025
Buddy Hield,1627741,G,7.2,1.37,2.43,0.8,0.09,1.03,1.3300970873786409,0.89,10.86,33.0,2026
Haywood Highsmith,1629312,F,6.46,1.51,3.41,0.92,0.5,0.73,2.068493150684932,1.42,12.07,28.0,2025
Aaron Holiday,1628988,G,5.48,1.34,1.26,0.31,0.18,0.6,2.2333333333333334,0.49,7.97,28.0,2025
Aaron Holiday,1628988,G,5.97,1.0,0.83,0.43,0.13,0.7,1.4285714285714286,0.56,7.66,29.0,2026
Jrue Holiday,201950,G,11.06,3.85,4.27,1.06,0.44,1.24,3.1048387096774195,1.5,19.44,35.0,2025
Jrue Holiday,201950,G,15.47,7.33,5.13,1.53,0.2,2.67,2.7453183520599254,1.73,26.99,35.0,2026
Ronald Holland II,1641842,F,6.44,1.01,2.69,0.6,0.21,0.89,1.1348314606741572,0.81,10.06,19.0,2025
Ronald Holland II,1641842,F,8.46,1.38,4.35,1.35,0.35,1.43,0.965034965034965,1.7,14.46,20.0,2026
Richaun Holmes,1626158,F,7.42,1.35,5.71,0.29,0.74,0.68,1.9852941176470589,1.03,14.83,31.0,2025
DaRon Holmes II,1641747,F,4.4,1.3,1.7,0.0,0.4,0.4,3.25,0.4,7.4,23.0,2026
Chet Holmgren,1631096,C,14.97,1.97,8.03,0.72,2.22,1.75,1.1257142857142857,2.94,26.16,23.0,2025
Chet Holmgren,1631096,C,17.86,1.56,8.42,0.61,1.92,1.72,0.9069767441860466,2.53,28.65,23.0,2026
Jalen Hood-Schifino,1641720,G,2.0,0.5,0.5,0.0,0.5,0.5,1.0,0.5,3.0,22.0,2025
Jalen Hood-Schifino,1641720,G,7.85,2.77,2.0,0.38,0.46,1.31,2.114503816793893,0.84,12.15,22.0,2025
Jalen Hood-Schifino,1641720,G,7.07,2.47,1.8,0.33,0.47,1.2,2.0583333333333336,0.8,10.94,22.0,2025
Al Horford,201143,C,8.97,2.13,6.15,0.6,0.85,0.77,2.766233766233766,1.45,17.93,39.0,2025
Al Horford,201143,C,6.65,2.04,4.83,0.78,1.04,0.96,2.125,1.82,14.38,39.0,2026
Talen Horton-Tucker,1629659,G,6.53,1.43,1.72,0.36,0.19,0.69,2.072463768115942,0.55,9.54,24.0,2025
Caleb Houstan,1631216,G,4.12,0.6,1.29,0.38,0.1,0.22,2.727272727272727,0.48,6.27,22.0,2025
Caleb Houstan,1631216,G,2.22,0.22,0.56,0.11,0.11,0.44,0.5,0.22,2.78,22.0,2026
Jett Howard,1641724,G,4.45,0.73,1.17,0.22,0.18,0.6,1.2166666666666668,0.4,6.15,21.0,2025
Jett Howard,1641724,G,4.63,0.85,1.44,0.15,0.15,0.22,3.8636363636363633,0.3,7.0,22.0,2026
Kevin Huerter,1628989,G,7.86,1.72,2.79,0.84,0.37,0.86,2.0,1.21,12.72,26.0,2025
Kevin Huerter,1628989,G,13.19,3.15,3.27,1.15,0.27,1.15,2.739130434782609,1.42,19.88,26.0,2025
Kevin Huerter,1628989,G,9.87,2.26,2.97,0.96,0.33,0.97,2.3298969072164946,1.29,15.42,26.0,2025
Kevin Huerter,1628989,G,11.69,2.43,3.74,0.86,0.6,1.2,2.0250000000000004,1.46,18.12,27.0,2026
Jay Huff,1630643,C,6.86,0.59,2.02,0.25,0.88,0.53,1.1132075471698113,1.13,10.07,27.0,2025
Jay Huff,1630643,C,8.39,1.32,3.71,0.41,2.15,0.88,1.5,2.56,15.1,28.0,2026
Ariel Hukporti,1630574,C,1.92,0.44,2.04,0.04,0.6,0.84,0.5238095238095238,0.64,4.2,23.0,2025
Ariel Hukporti,1630574,C,1.63,0.63,2.74,0.19,0.59,0.52,1.2115384615384615,0.78,5.26,23.0,2026
De'Andre Hunter,1629631,F,18.97,1.54,3.92,0.84,0.14,1.59,0.9685534591194969,0.98,23.82,27.0,2025
De'Andre Hunter,1629631,F,14.3,1.3,4.19,0.7,0.3,0.85,1.5294117647058825,1.0,19.94,27.0,2025
De'Andre Hunter,1629631,F,17.0,1.44,4.03,0.78,0.2,1.28,1.125,0.98,22.17,27.0,2025
De'Andre Hunter,1629631,F,14.03,2.19,4.32,0.62,0.14,1.57,1.394904458598726,0.76,19.73,28.0,2026
Bones Hyland,1630538,G,7.2,1.4,1.2,0.9,0.2,1.2,1.1666666666666667,1.1,9.7,24.0,2025
Bones Hyland,1630538,G,1.25,1.0,0.25,0.0,0.0,0.25,4.0,0.0,2.25,24.0,2025
Bones Hyland,1630538,G,6.21,1.33,1.04,0.75,0.17,1.04,1.278846153846154,0.92,8.46,24.0,2025
Bones Hyland,1630538,G,6.88,2.53,1.41,0.53,0.22,0.78,3.243589743589743,0.75,10.79,25.0,2026
Oso Ighodaro,1642345,F,4.18,1.16,3.64,0.46,0.48,0.64,1.8124999999999998,0.94,9.28,22.0,2025
Oso Ighodaro,1642345,F,5.37,1.78,4.34,1.0,0.56,1.15,1.547826086956522,1.56,11.9,23.0,2026
Joe Ingles,204060,F,0.79,1.21,0.58,0.11,0.0,0.47,2.5744680851063833,0.11,2.22,37.0,2025
Joe Ingles,204060,F,0.54,0.85,0.38,0.46,0.0,0.38,2.236842105263158,0.46,1.85,38.0,2026
Brandon Ingram,1627742,F,22.22,5.17,5.56,0.89,0.61,3.83,1.349869451697128,1.5,30.62,27.0,2025
Brandon Ingram,1627742,F,21.88,3.72,6.05,0.75,0.72,2.75,1.3527272727272728,1.47,30.37,28.0,2026
Harrison Ingram,1631127,F,0.8,0.6,1.8,0.6,0.0,0.2,2.9999999999999996,0.6,3.6,22.0,2025
Harrison Ingram,1631127,F,1.67,0.0,1.0,0.0,0.0,0.0,0.0,0.0,2.67,22.0,2026
Kyrie Irving,202681,G,24.68,4.62,4.8,1.32,0.46,2.22,2.081081081081081,1.78,33.66,33.0,2025
Jonathan Isaac,1628371,F,5.35,0.56,4.42,0.86,1.13,0.46,1.2173913043478262,1.99,11.86,27.0,2025
Jonathan Isaac,1628371,F,3.0,0.26,2.76,0.38,0.53,0.29,0.8965517241379312,0.91,6.64,28.0,2026
Jaden Ivey,1631093,G,17.6,3.97,4.13,0.93,0.37,2.97,1.3367003367003367,1.3,24.03,23.0,2025
Jaden Ivey,1631093,G,8.62,1.75,2.17,0.54,0.29,0.92,1.9021739130434783,0.83,12.45,23.0,2026
GG Jackson,1641713,F,7.21,1.0,3.17,0.41,0.17,1.07,0.9345794392523364,0.58,10.89,20.0,2025
GG Jackson,1641713,F,6.7,0.7,2.75,0.8,0.35,0.9,0.7777777777777777,1.15,10.4,21.0,2026
Isaiah Jackson,1630543,F,7.0,1.0,5.6,0.6,1.6,1.0,1.0,2.2,14.8,23.0,2025
Isaiah Jackson,1630543,F,7.31,0.83,5.9,0.72,0.83,1.14,0.7280701754385965,1.55,14.45,23.0,2026
Quenton Jackson,1631245,G,5.79,1.89,1.57,0.75,0.18,0.57,3.3157894736842106,0.93,9.61,26.0,2025
Quenton Jackson,1631245,G,7.33,1.94,2.0,0.61,0.17,1.11,1.7477477477477474,0.78,10.94,27.0,2026
Reggie Jackson,202704,G,4.39,1.45,1.35,0.52,0.1,0.55,2.6363636363636362,0.62,7.26,35.0,2025
Andre Jackson Jr.,1641748,G,3.43,1.24,2.72,0.51,0.21,0.87,1.4252873563218391,0.72,7.24,23.0,2025
Andre Jackson Jr.,1641748,G,1.82,1.12,0.76,0.29,0.12,0.47,2.3829787234042556,0.41,3.64,24.0,2026
Jaren Jackson Jr.,1628991,F,22.18,2.0,5.64,1.24,1.53,2.07,0.9661835748792271,2.77,30.52,25.0,2025
Jaren Jackson Jr.,1628991,F,18.82,1.89,5.53,0.92,1.5,2.24,0.8437499999999999,2.42,26.42,26.0,2026
Trayce Jackson-Davis,1631218,F,6.56,1.68,5.02,0.37,0.61,0.73,2.3013698630136985,0.98,13.51,25.0,2025
Trayce Jackson-Davis,1631218,F,4.48,0.97,3.66,0.31,0.62,0.48,2.0208333333333335,0.93,9.56,25.0,2026
Bronny James,1642355,G,2.3,0.81,0.67,0.33,0.11,0.48,1.6875000000000002,0.44,3.74,20.0,2025
Bronny James,1642355,G,1.59,1.14,0.45,0.41,0.05,0.55,2.0727272727272723,0.46,3.09,21.0,2026
LeBron James,2544,F,24.43,8.21,7.8,1.0,0.56,3.71,2.2129380053908356,1.56,38.29,40.0,2025
LeBron James,2544,F,22.68,6.86,5.82,1.14,0.59,2.64,2.5984848484848486,1.73,34.45,41.0,2026
Jaime Jaquez Jr.,1631170,G,8.64,2.52,4.39,0.92,0.21,1.48,1.7027027027027026,1.13,15.2,24.0,2025
Jaime Jaquez Jr.,1631170,G,15.86,4.65,5.14,0.78,0.22,2.19,2.1232876712328768,1.0,24.46,24.0,2026
DaQuan Jeffries,1629610,G,6.7,1.13,2.87,0.55,0.53,0.74,1.527027027027027,1.08,11.04,27.0,2025
Trey Jemison III,1641998,C,2.38,0.62,2.75,0.44,0.38,0.62,1.0,0.82,5.95,25.0,2025
Trey Jemison III,1641998,C,2.59,0.27,2.77,0.09,0.41,0.64,0.421875,0.5,5.49,25.0,2025
Trey Jemison III,1641998,C,2.5,0.42,2.76,0.24,0.39,0.63,0.6666666666666666,0.63,5.68,25.0,2025
Trey Jemison III,1641998,C,1.17,0.17,1.67,0.0,0.33,0.5,0.34,0.33,2.84,26.0,2026
Daniss Jenkins,1642450,G,1.0,0.43,0.29,0.0,0.0,0.14,3.071428571428571,0.0,1.58,23.0,2025
Daniss Jenkins,1642450,G,7.56,3.25,1.78,0.88,0.12,1.34,2.425373134328358,1.0,12.25,24.0,2026
Ty Jerome,1629660,G,12.54,3.39,2.47,1.11,0.04,1.31,2.5877862595419847,1.15,18.24,27.0,2025
Isaiah Joe,1630198,G,10.22,1.61,2.65,0.65,0.12,0.51,3.1568627450980395,0.77,14.74,25.0,2025
Isaiah Joe,1630198,G,9.55,1.27,2.48,0.52,0.18,0.61,2.081967213114754,0.7,13.39,26.0,2026
AJ Johnson,1642358,G,2.86,1.0,1.0,0.14,0.0,0.57,1.7543859649122808,0.14,4.43,20.0,2025
AJ Johnson,1642358,G,9.09,3.14,2.36,0.5,0.14,1.41,2.2269503546099294,0.64,13.82,20.0,2025
AJ Johnson,1642358,G,7.59,2.62,2.03,0.41,0.1,1.21,2.1652892561983474,0.51,11.54,20.0,2025
AJ Johnson,1642358,G,1.59,0.64,1.05,0.18,0.0,0.45,1.4222222222222223,0.18,3.01,21.0,2026
Cameron Johnson,1629661,F,18.77,3.4,4.33,0.93,0.44,1.74,1.9540229885057472,1.37,26.13,29.0,2025
Cameron Johnson,1629661,F,11.68,2.36,3.57,0.61,0.29,0.96,2.4583333333333335,0.9,17.55,29.0,2026
Jalen Johnson,1630552,F,18.89,5.03,9.97,1.56,1.0,2.94,1.7108843537414966,2.56,33.51,23.0,2025
Jalen Johnson,1630552,F,23.1,8.08,10.1,1.28,0.51,3.46,2.3352601156069364,1.79,39.61,24.0,2026
James Johnson,201949,F,0.67,0.33,0.5,0.0,0.17,0.33,1.0,0.17,1.34,38.0,2025
Keldon Johnson,1629640,F,12.71,1.62,4.82,0.64,0.29,1.0,1.62,0.93,19.08,25.0,2025
Keldon Johnson,1629640,F,13.41,1.24,6.34,0.71,0.07,0.98,1.2653061224489797,0.78,20.79,26.0,2026
Keon Johnson,1630553,G,10.62,2.22,3.76,1.04,0.38,1.47,1.5102040816326532,1.42,16.55,23.0,2025
Keshad Johnson,1642352,F,2.69,0.25,1.75,0.31,0.25,0.25,1.0,0.56,5.0,24.0,2025
Keshad Johnson,1642352,F,3.06,0.06,2.0,0.29,0.24,0.35,0.17142857142857143,0.53,5.3,24.0,2026
Nikola Jokić,203999,C,29.59,10.23,12.74,1.81,0.64,3.29,3.1094224924012157,2.45,51.72,30.0,2025
Nikola Jokić,203999,C,29.62,10.97,12.16,1.38,0.75,3.53,3.107648725212465,2.13,51.35,30.0,2026
Colby Jones,1641732,G,1.08,0.29,0.96,0.25,0.29,0.29,1.0,0.54,2.58,23.0,2025
Colby Jones,1641732,G,8.73,2.47,4.27,1.33,0.4,1.07,2.308411214953271,1.73,16.13,23.0,2025
Colby Jones,1641732,G,4.03,1.13,2.23,0.67,0.33,0.59,1.9152542372881356,1.0,7.8,23.0,2025
Colby Jones,1641732,G,2.0,2.0,4.0,0.0,0.0,0.0,inf,0.0,8.0,23.0,2026
Dillon Jones,1641794,F,2.5,1.07,2.24,0.3,0.07,0.52,2.057692307692308,0.37,5.66,23.0,2025
Herbert Jones,1630529,F,10.25,3.25,3.9,1.85,0.45,1.75,1.8571428571428572,2.3,17.95,26.0,2025
Herbert Jones,1630529,F,9.48,2.26,3.65,1.65,0.3,1.3,1.7384615384615383,1.95,16.04,27.0,2026
Isaac Jones,1642403,F,3.35,0.3,1.42,0.12,0.25,0.4,0.7499999999999999,0.37,5.04,24.0,2025
Isaac Jones,1642403,F,1.0,0.33,0.67,0.0,0.0,0.0,inf,0.0,2.0,25.0,2026
Isaac Jones,1642403,F,2.0,0.0,0.0,0.0,0.0,0.0,0.0,0.0,2.0,25.0,2026
Isaac Jones,1642403,F,1.25,0.25,0.5,0.0,0.0,0.0,inf,0.0,2.0,25.0,2026
Kai Jones,1630539,C,2.18,0.36,1.64,0.21,0.46,0.36,1.0,0.67,4.49,24.0,2025
Kai Jones,1630539,C,11.42,1.25,6.58,0.75,0.83,0.67,1.8656716417910446,1.58,20.16,24.0,2025
Kai Jones,1630539,C,4.95,0.62,3.12,0.38,0.57,0.45,1.3777777777777778,0.95,9.19,24.0,2025
Mason Jones,1630222,G,2.3,1.1,0.9,0.0,0.1,0.1,11.0,0.1,4.3,26.0,2025
Spencer Jones,1642461,F,1.3,0.25,0.85,0.25,0.25,0.25,1.0,0.5,2.65,24.0,2025
Spencer Jones,1642461,F,6.08,0.94,2.89,0.89,0.39,0.64,1.4687499999999998,1.28,10.55,24.0,2026
Tre Jones,1630200,G,4.39,3.71,2.07,0.64,0.18,0.75,4.946666666666666,0.82,10.24,25.0,2025
Tre Jones,1630200,G,11.5,4.89,3.22,1.06,0.28,0.78,6.269230769230768,1.34,20.17,25.0,2025
Tre Jones,1630200,G,7.17,4.17,2.52,0.8,0.22,0.76,5.4868421052631575,1.02,14.12,25.0,2025
Tre Jones,1630200,G,12.41,5.59,2.85,1.32,0.18,1.38,4.050724637681159,1.5,20.97,26.0,2026
Tyus Jones,1626145,G,10.23,5.3,2.42,0.85,0.1,1.12,4.732142857142857,0.95,17.78,29.0,2025
Tyus Jones,1626145,G,3.17,2.41,1.07,0.76,0.07,0.27,8.925925925925926,0.83,7.21,29.0,2026
Derrick Jones Jr.,1627884,F,10.14,0.78,3.42,1.03,0.43,0.86,0.9069767441860466,1.46,14.94,28.0,2025
Derrick Jones Jr.,1627884,F,10.35,1.18,2.65,0.76,1.06,0.82,1.4390243902439024,1.82,15.18,28.0,2026
DeAndre Jordan,201599,C,3.73,0.95,5.07,0.29,0.48,0.71,1.3380281690140845,0.77,9.81,36.0,2025
DeAndre Jordan,201599,C,4.5,0.0,5.0,0.0,0.0,0.5,0.0,0.0,9.0,37.0,2026
Cory Joseph,202709,G,3.54,1.44,1.48,0.52,0.08,0.36,4.0,0.6,6.7,33.0,2025
Nikola Jović,1631107,F,10.74,2.85,3.91,0.83,0.28,1.3,2.1923076923076925,1.11,17.31,22.0,2025
Nikola Jović,1631107,F,8.53,2.77,3.87,0.7,0.43,1.83,1.5136612021857923,1.13,14.47,22.0,2026
Johnny Juzang,1630548,G,8.92,1.06,2.88,0.61,0.12,0.56,1.8928571428571428,0.73,13.03,24.0,2025
Johnny Juzang,1630548,G,2.25,0.38,0.75,0.12,0.0,0.19,2.0,0.12,3.31,24.0,2026
Yuki Kawamura,1642530,G,1.64,0.86,0.55,0.09,0.0,0.23,3.7391304347826084,0.09,2.91,24.0,2025
Kylor Kelley,1630283,C,3.0,0.25,2.62,0.0,0.25,0.12,2.0833333333333335,0.25,6.0,27.0,2025
Kylor Kelley,1630283,C,3.33,1.0,6.0,0.33,0.33,1.0,1.0,0.66,9.99,27.0,2025
Kylor Kelley,1630283,C,3.09,0.45,3.55,0.09,0.27,0.36,1.25,0.36,7.09,27.0,2025
Luke Kennard,1628379,G,8.86,3.31,2.82,0.77,0.08,1.11,2.9819819819819817,0.85,14.73,29.0,2025
Luke Kennard,1628379,G,7.78,2.24,1.84,0.78,0.05,0.78,2.871794871794872,0.83,11.91,29.0,2026
Walker Kessler,1631117,C,11.05,1.67,12.19,0.62,2.38,1.48,1.1283783783783783,3.0,26.43,23.0,2025
Walker Kessler,1631117,C,14.4,3.0,10.8,1.4,1.8,3.2,0.9375,3.2,28.2,24.0,2026
Braxton Key,1630296,F,1.0,0.0,0.67,0.67,0.0,0.33,0.0,0.67,2.01,28.0,2025
Corey Kispert,1630557,F,11.56,1.69,2.97,0.43,0.23,1.05,1.6095238095238094,0.66,15.83,26.0,2025
Corey Kispert,1630557,F,9.16,1.68,2.32,0.42,0.16,0.74,2.27027027027027,0.58,13.0,26.0,2026
Corey Kispert,1630557,F,8.0,1.33,1.33,0.67,0.0,1.67,0.7964071856287426,0.67,9.66,26.0,2026
Corey Kispert,1630557,F,9.0,1.64,2.18,0.45,0.14,0.86,1.9069767441860463,0.59,12.55,26.0,2026
Maxi Kleber,1628467,F,3.03,1.26,2.79,0.26,0.5,0.68,1.852941176470588,0.76,7.16,33.0,2025
Maxi Kleber,1628467,F,1.58,0.68,1.68,0.26,0.26,0.37,1.837837837837838,0.52,4.09,33.0,2026
Bobi Klintman,1641752,F,1.88,0.88,0.88,0.25,0.12,0.12,7.333333333333334,0.37,3.89,22.0,2025
Bobi Klintman,1641752,F,2.83,0.67,2.67,0.33,0.0,0.83,0.8072289156626506,0.33,5.67,22.0,2026
Dalton Knecht,1642261,F,9.05,0.85,2.77,0.31,0.1,0.47,1.8085106382978724,0.41,12.61,24.0,2025
Dalton Knecht,1642261,F,4.97,0.38,1.62,0.24,0.26,0.47,0.8085106382978724,0.5,7.0,24.0,2026
Kevin Knox II,1628995,F,3.29,0.36,1.21,0.14,0.29,0.29,1.2413793103448276,0.43,5.0,25.0,2025
Tyler Kolek,1642278,G,1.98,1.71,0.66,0.29,0.1,0.44,3.8863636363636362,0.39,4.3,24.0,2025
Tyler Kolek,1642278,G,5.0,2.94,2.03,0.42,0.08,0.97,3.0309278350515463,0.5,9.5,24.0,2026
Christian Koloko,1631132,C,2.43,0.43,2.49,0.22,0.43,0.32,1.34375,0.65,5.68,25.0,2025
Christian Koloko,1631132,C,0.0,0.0,0.5,0.0,0.0,0.0,0.0,0.0,0.5,25.0,2026
Christian Koloko,1631132,C,2.64,0.91,4.0,0.91,1.18,0.64,1.421875,2.09,9.0,25.0,2026
Christian Koloko,1631132,C,2.23,0.77,3.46,0.77,1.0,0.54,1.4259259259259258,1.77,7.69,25.0,2026
John Konchar,1629723,G,2.43,0.91,3.28,0.65,0.3,0.35,2.6,0.95,7.22,29.0,2025
John Konchar,1629723,G,3.04,1.25,2.83,0.83,0.29,0.29,4.310344827586207,1.12,7.95,29.0,2026
Luke Kornet,1628436,C,6.04,1.6,5.32,0.49,0.97,0.42,3.8095238095238098,1.46,14.0,29.0,2025
Luke Kornet,1628436,C,8.27,1.94,6.85,0.42,1.24,0.48,4.041666666666667,1.66,18.24,30.0,2026
Vít Krejčí,1630249,G,7.23,2.58,2.74,0.63,0.46,0.88,2.931818181818182,1.09,12.76,25.0,2025
Vít Krejčí,1630249,G,10.0,1.62,2.28,0.87,0.33,0.74,2.1891891891891895,1.2,14.36,25.0,2026
Jonathan Kuminga,1630228,F,15.3,2.21,4.62,0.81,0.45,1.51,1.4635761589403973,1.26,21.88,22.0,2025
Jonathan Kuminga,1630228,F,11.78,2.56,6.17,0.28,0.33,2.44,1.0491803278688525,0.61,18.68,23.0,2026
Kyle Kuzma,1628398,F,15.19,2.47,5.78,0.62,0.22,2.28,1.0833333333333335,0.84,22.0,29.0,2025
Kyle Kuzma,1628398,F,14.48,2.21,5.61,0.48,0.36,2.21,1.0,0.84,20.93,29.0,2025
Kyle Kuzma,1628398,F,14.83,2.34,5.69,0.55,0.29,2.25,1.04,0.84,21.45,29.0,2025
Kyle Kuzma,1628398,F,12.64,2.18,4.62,0.67,0.49,1.56,1.3974358974358976,1.16,19.04,30.0,2026
Jake LaRavia,1631222,F,7.3,2.83,4.36,0.94,0.43,1.47,1.925170068027211,1.37,14.39,23.0,2025
Jake LaRavia,1631222,F,6.05,1.32,2.84,0.95,0.16,0.89,1.4831460674157304,1.11,10.43,23.0,2025
Jake LaRavia,1631222,F,6.94,2.39,3.92,0.94,0.35,1.3,1.8384615384615386,1.29,13.24,23.0,2025
Jake LaRavia,1631222,F,9.97,2.0,4.23,1.36,0.38,1.08,1.8518518518518516,1.74,16.86,24.0,2026
Zach LaVine,203897,G,23.98,4.5,4.81,0.93,0.24,2.88,1.5625,1.17,31.58,30.0,2025
Zach LaVine,203897,G,22.41,3.78,3.53,0.59,0.06,2.72,1.389705882352941,0.65,27.65,30.0,2025
Zach LaVine,203897,G,23.3,4.19,4.26,0.78,0.16,2.81,1.4911032028469753,0.94,29.88,30.0,2025
Zach LaVine,203897,G,20.03,2.24,3.1,0.66,0.21,2.14,1.046728971962617,0.87,24.1,30.0,2026
Skal Labissiere,1627746,F,1.25,0.25,0.75,0.0,0.0,0.0,inf,0.0,2.25,29.0,2025
Jock Landale,1629111,C,4.76,0.88,3.26,0.31,0.24,0.5,1.76,0.55,8.95,29.0,2025
Jock Landale,1629111,C,11.0,1.66,6.24,0.53,0.47,0.97,1.711340206185567,1.0,18.93,30.0,2026
Pelle Larsson,1641796,G,4.56,1.18,1.67,0.58,0.13,0.44,2.6818181818181817,0.71,7.68,24.0,2025
Pelle Larsson,1641796,G,9.12,3.09,2.7,0.55,0.24,0.97,3.185567010309278,0.79,14.73,24.0,2026
A.J. Lawson,1630639,G,9.08,1.19,3.31,0.5,0.23,0.58,2.0517241379310347,0.73,13.73,24.0,2025
A.J. Lawson,1630639,G,5.43,0.14,2.29,0.43,0.43,0.14,1.0,0.86,8.58,25.0,2026
Caris LeVert,1627747,G,10.21,3.68,2.82,0.87,0.5,1.34,2.746268656716418,1.37,16.74,30.0,2025
Caris LeVert,1627747,G,14.92,2.88,3.69,0.92,0.54,0.96,3.0,1.46,21.99,30.0,2025
Caris LeVert,1627747,G,12.12,3.36,3.17,0.89,0.52,1.19,2.823529411764706,1.41,18.87,30.0,2025
Caris LeVert,1627747,G,8.07,2.86,1.79,0.9,0.62,1.41,2.028368794326241,1.52,12.83,31.0,2026
Damion Lee,1627814,G,3.32,0.44,0.8,0.24,0.0,0.4,1.0999999999999999,0.24,4.4,32.0,2025
Alex Len,203458,C,1.44,0.83,1.78,0.22,0.5,0.31,2.6774193548387095,0.72,4.46,32.0,2025
Alex Len,203458,C,2.2,0.8,3.1,0.1,0.3,0.9,0.888888888888889,0.4,5.6,32.0,2025
Alex Len,203458,C,1.61,0.83,2.07,0.2,0.46,0.43,1.9302325581395348,0.66,4.74,32.0,2025
Kawhi Leonard,202695,F,21.51,3.14,5.92,1.59,0.46,1.95,1.6102564102564103,2.05,30.67,34.0,2025
Kawhi Leonard,202695,F,28.23,3.47,6.27,2.23,0.63,2.13,1.6291079812206575,2.86,38.7,34.0,2026
Malevy Leons,1642502,F,0.33,0.17,0.5,0.0,0.0,0.17,1.0,0.0,0.83,25.0,2025
Maxwell Lewis,1641721,F,0.57,0.29,0.29,0.14,0.0,0.29,1.0,0.14,1.0,22.0,2025
Maxwell Lewis,1641721,F,5.33,0.81,2.52,0.38,0.33,0.57,1.4210526315789476,0.71,8.8,22.0,2025
Maxwell Lewis,1641721,F,4.14,0.68,1.96,0.32,0.25,0.5,1.36,0.57,6.85,22.0,2025
E.J. Liddell,1630604,F,1.75,0.25,0.75,0.08,0.08,0.17,1.4705882352941175,0.16,2.74,24.0,2025
E.J. Liddell,1630604,F,1.75,0.0,1.12,0.0,0.0,0.0,0.0,0.0,2.87,25.0,2026
Damian Lillard,203081,G,24.95,7.07,4.69,1.21,0.17,2.79,2.53405017921147,1.38,35.3,34.0,2025
Dereck Lively II,1641726,C,8.72,2.36,7.5,0.56,1.56,1.14,2.0701754385964914,2.12,19.56,21.0,2025
Dereck Lively II,1641726,C,4.29,1.86,5.29,0.57,1.57,1.43,1.3006993006993008,2.14,12.15,21.0,2026
Chris Livingston,1641753,F,1.43,0.24,1.67,0.24,0.0,0.29,0.8275862068965517,0.24,3.29,21.0,2025
Chris Livingston,1641753,F,3.0,0.33,1.0,0.33,0.0,0.0,inf,0.33,4.66,22.0,2026
Kevon Looney,1626172,F,4.53,1.55,6.08,0.61,0.49,0.51,3.0392156862745097,1.1,12.75,29.0,2025
Kevon Looney,1626172,F,2.62,1.56,5.0,0.38,0.5,0.5,3.12,0.88,9.56,29.0,2026
Brook Lopez,201572,C,13.01,1.79,5.01,0.62,1.85,1.05,1.7047619047619047,2.47,21.23,37.0,2025
Brook Lopez,201572,C,6.55,0.91,2.7,0.42,0.97,0.76,1.1973684210526316,1.39,10.79,37.0,2026
Kevin Love,201567,F,5.3,0.96,4.09,0.65,0.17,0.61,1.5737704918032787,0.82,10.56,36.0,2025
Kevin Love,201567,F,7.22,1.87,5.43,0.3,0.3,0.74,2.527027027027027,0.6,14.38,37.0,2026
Kyle Lowry,200768,G,3.94,2.74,1.91,0.94,0.31,0.6,4.566666666666667,1.25,9.24,39.0,2025
Kyle Lowry,200768,G,1.0,1.17,0.5,0.17,0.0,0.33,3.545454545454545,0.17,2.51,39.0,2026
Trey Lyles,1626168,F,6.54,1.19,4.58,0.59,0.33,0.57,2.0877192982456143,0.92,12.66,29.0,2025
Sandro Mamukelashvili,1630572,F,6.31,0.79,3.07,0.36,0.28,0.43,1.8372093023255816,0.64,10.38,26.0,2025
Sandro Mamukelashvili,1630572,F,10.28,1.88,4.88,0.68,0.6,0.8,2.3499999999999996,1.28,17.52,26.0,2026
Terance Mann,1629611,G,6.03,1.59,2.89,0.76,0.3,0.68,2.338235294117647,1.06,10.89,28.0,2025
Terance Mann,1629611,G,9.8,2.07,3.07,0.63,0.13,0.73,2.835616438356164,0.76,14.97,28.0,2025
Terance Mann,1629611,G,7.72,1.81,2.97,0.7,0.22,0.7,2.585714285714286,0.92,12.72,28.0,2025
Terance Mann,1629611,G,7.76,3.74,3.44,0.79,0.29,1.06,3.5283018867924527,1.08,14.96,29.0,2026
Tre Mann,1630544,G,14.08,3.0,2.92,0.54,0.31,1.92,1.5625,0.85,18.93,24.0,2025
Tre Mann,1630544,G,8.19,2.31,2.5,0.54,0.12,1.42,1.6267605633802817,0.66,12.24,24.0,2026
Lauri Markkanen,1628374,F,18.98,1.49,5.91,0.7,0.36,1.4,1.0642857142857143,1.06,26.04,28.0,2025
Lauri Markkanen,1628374,F,27.94,2.15,7.18,1.03,0.48,1.58,1.360759493670886,1.51,37.2,28.0,2026
Naji Marshall,1630230,F,13.25,3.01,4.75,1.01,0.16,1.62,1.8580246913580245,1.17,20.56,27.0,2025
Naji Marshall,1630230,F,14.02,2.79,4.6,1.1,0.1,1.26,2.2142857142857144,1.2,21.35,27.0,2026
Caleb Martin,1628997,F,9.06,2.23,4.39,1.1,0.65,1.39,1.60431654676259,1.75,16.04,29.0,2025
Caleb Martin,1628997,F,5.36,1.86,2.93,0.86,0.21,0.93,2.0,1.07,10.29,29.0,2025
Caleb Martin,1628997,F,7.91,2.11,3.93,1.02,0.51,1.24,1.7016129032258063,1.53,14.24,29.0,2025
Caleb Martin,1628997,F,2.49,1.26,1.8,0.57,0.11,0.54,2.333333333333333,0.68,5.69,30.0,2026
Cody Martin,1628998,F,7.85,2.28,4.51,1.1,0.67,1.08,2.1111111111111107,1.77,15.33,29.0,2025
Cody Martin,1628998,F,3.71,1.14,3.43,0.93,0.43,0.64,1.7812499999999998,1.36,9.0,29.0,2025
Cody Martin,1628998,F,6.75,1.98,4.23,1.06,0.6,0.96,2.0625,1.66,13.66,29.0,2025
Cody Martin,1628998,F,1.75,0.5,3.5,1.0,0.5,1.0,0.5,1.5,6.25,30.0,2026
Jaylen Martin,1641798,G,1.0,0.0,0.0,0.0,0.0,0.0,0.0,0.0,1.0,21.0,2025
Jaylen Martin,1641798,G,5.77,1.31,3.38,0.69,0.0,0.92,1.423913043478261,0.69,10.23,21.0,2025
Jaylen Martin,1641798,G,4.88,1.06,2.75,0.56,0.0,0.75,1.4133333333333333,0.56,8.5,21.0,2025
KJ Martin,1630231,F,6.42,0.79,3.0,0.46,0.67,0.5,1.58,1.13,10.84,24.0,2025
KJ Martin,1630231,F,6.32,1.53,2.79,0.32,0.32,0.63,2.4285714285714284,0.64,10.65,24.0,2025
KJ Martin,1630231,F,6.37,1.12,2.91,0.4,0.51,0.56,2.0,0.91,10.75,24.0,2025
Tyrese Martin,1631213,F,8.72,2.03,3.65,0.57,0.15,1.23,1.6504065040650404,0.72,13.89,26.0,2025
Tyrese Martin,1631213,F,7.74,2.13,2.97,0.68,0.13,1.0,2.13,0.81,12.65,26.0,2026
Garrison Mathews,1629726,G,7.51,1.28,1.85,0.55,0.32,0.66,1.9393939393939394,0.87,10.85,28.0,2025
Garrison Mathews,1629726,G,5.2,0.67,1.13,0.4,0.2,0.2,3.35,0.6,7.4,29.0,2026
Bennedict Mathurin,1631097,G,16.06,1.89,5.32,0.65,0.33,1.88,1.0053191489361701,0.98,22.37,23.0,2025
Bennedict Mathurin,1631097,G,17.79,2.17,5.5,0.67,0.17,2.38,0.9117647058823529,0.84,23.92,23.0,2026
Karlo Matković,1631255,F,7.74,1.1,4.98,0.52,0.98,1.02,1.0784313725490198,1.5,14.3,24.0,2025
Karlo Matković,1631255,F,5.07,0.77,3.2,0.27,0.8,0.57,1.3508771929824563,1.07,9.54,24.0,2026
Tyrese Maxey,1630178,G,26.33,6.1,3.35,1.75,0.4,2.38,2.5630252100840334,2.15,35.55,24.0,2025
Tyrese Maxey,1630178,G,30.49,6.62,4.41,1.81,0.95,2.51,2.6374501992031876,2.76,41.77,25.0,2026
Miles McBride,1630540,G,9.55,2.92,2.52,1.05,0.27,0.64,4.5625,1.32,15.67,24.0,2025
Miles McBride,1630540,G,13.03,2.67,2.57,0.7,0.2,0.83,3.216867469879518,0.9,18.34,25.0,2026
Jared McCain,1642272,G,15.3,2.61,2.43,0.65,0.0,1.61,1.62111801242236,0.65,19.38,21.0,2025
Jared McCain,1642272,G,6.33,1.6,2.2,0.73,0.03,0.77,2.077922077922078,0.76,10.12,21.0,2026
Mac McClung,1630644,G,0.0,1.5,0.5,0.0,0.0,0.0,inf,0.0,2.0,26.0,2025
Mac McClung,1630644,G,6.33,0.33,1.33,1.67,0.33,0.67,0.4925373134328358,2.0,9.32,26.0,2026
CJ McCollum,203468,G,21.12,4.05,3.79,0.82,0.43,1.89,2.142857142857143,1.25,28.32,33.0,2025
CJ McCollum,203468,G,18.8,3.6,3.54,0.69,0.26,1.66,2.168674698795181,0.95,25.23,34.0,2026
CJ McCollum,203468,G,19.0,3.67,1.33,1.0,0.33,1.0,3.67,1.33,24.33,34.0,2026
CJ McCollum,203468,G,18.82,3.61,3.37,0.71,0.26,1.61,2.24223602484472,0.97,25.16,34.0,2026
T.J. McConnell,204456,G,9.11,4.44,2.44,1.05,0.27,1.38,3.2173913043478266,1.32,15.93,33.0,2025
T.J. McConnell,204456,G,9.97,4.93,2.31,1.21,0.21,1.24,3.975806451612903,1.42,17.39,33.0,2026
Kevin McCullar Jr.,1641755,G,1.5,0.5,2.0,0.25,0.25,0.0,inf,0.5,4.5,24.0,2025
Kevin McCullar Jr.,1641755,G,2.55,1.36,1.82,0.36,0.0,0.73,1.863013698630137,0.36,5.36,24.0,2026
Jaden McDaniels,1630183,F,12.2,1.99,5.73,1.34,0.9,1.16,1.7155172413793105,2.24,21.0,24.0,2025
Jaden McDaniels,1630183,F,14.77,2.69,4.44,1.1,0.92,1.67,1.6107784431137724,2.02,22.25,25.0,2026
Jalen McDaniels,1629667,F,0.0,0.25,0.0,0.25,0.0,0.0,inf,0.25,0.5,27.0,2025
Doug McDermott,203926,F,3.5,0.17,0.52,0.1,0.05,0.14,1.2142857142857142,0.15,4.2,33.0,2025
Doug McDermott,203926,F,3.43,0.29,0.71,0.0,0.14,0.43,0.6744186046511628,0.14,4.14,34.0,2026
Bryce McGowens,1631121,G,1.0,0.15,0.23,0.08,0.0,0.31,0.48387096774193544,0.08,1.15,22.0,2025
Bryce McGowens,1631121,G,7.85,1.37,2.07,0.63,0.11,0.56,2.446428571428571,0.74,11.47,23.0,2026
Jordan McLaughlin,1629162,G,1.89,0.86,0.75,0.39,0.0,0.39,2.205128205128205,0.39,3.5,29.0,2025
Jordan McLaughlin,1629162,G,2.5,1.5,0.5,0.28,0.06,0.28,5.357142857142857,0.34,4.56,29.0,2025
Jordan McLaughlin,1629162,G,2.13,1.11,0.65,0.35,0.02,0.35,3.1714285714285717,0.37,3.91,29.0,2025
Jordan McLaughlin,1629162,G,2.41,0.76,0.65,0.53,0.0,0.47,1.6170212765957448,0.53,3.88,29.0,2026
Jack McVeigh,1629098,G,1.56,0.11,0.56,0.0,0.22,0.22,0.5,0.22,2.23,29.0,2025
De'Anthony Melton,1629001,G,10.33,2.83,3.33,1.17,0.33,1.67,1.694610778443114,1.5,16.32,27.0,2025
De'Anthony Melton,1629001,G,10.24,1.76,2.47,1.41,0.59,1.29,1.3643410852713178,2.0,15.18,27.0,2026
Sam Merrill,1630241,G,7.17,1.52,2.21,0.75,0.2,0.49,3.1020408163265305,0.95,11.36,29.0,2025
Sam Merrill,1630241,G,13.79,2.33,2.38,0.71,0.12,0.92,2.532608695652174,0.83,18.41,29.0,2026
Vasilije Micić,203995,G,7.47,3.53,2.42,0.42,0.0,2.06,1.7135922330097086,0.42,11.78,31.0,2025
Vasilije Micić,203995,G,0.0,0.2,0.4,0.0,0.0,0.6,0.33333333333333337,0.0,0.0,31.0,2025
Vasilije Micić,203995,G,6.56,3.12,2.17,0.37,0.0,1.88,1.6595744680851066,0.37,10.34,31.0,2025
Khris Middleton,203114,F,12.61,4.43,3.7,0.74,0.22,1.61,2.7515527950310554,0.96,20.09,33.0,2025
Khris Middleton,203114,F,10.71,3.43,3.71,1.29,0.21,1.36,2.5220588235294117,1.5,17.99,33.0,2025
Khris Middleton,203114,F,11.89,4.05,3.7,0.95,0.22,1.51,2.682119205298013,1.17,19.3,33.0,2025
Khris Middleton,203114,F,9.56,3.26,3.89,0.78,0.3,1.63,2.0,1.08,16.16,34.0,2026
Brandon Miller,1641706,F,21.04,3.63,4.85,1.07,0.74,2.81,1.291814946619217,1.81,28.52,22.0,2025
Brandon Miller,1641706,F,19.38,3.46,4.21,1.0,1.08,2.5,1.384,2.08,26.63,23.0,2026
Emanuel Miller,1641801,F,1.67,0.33,1.33,0.17,0.0,0.0,inf,0.17,3.5,25.0,2025
Emanuel Miller,1641801,F,3.0,0.8,0.6,0.4,0.0,0.0,inf,0.4,4.8,25.0,2026
Jordan Miller,1641757,G,4.11,0.92,1.57,0.46,0.14,0.7,1.3142857142857145,0.6,6.5,25.0,2025
Jordan Miller,1641757,G,6.95,1.26,2.95,0.37,0.16,0.74,1.7027027027027026,0.53,10.95,25.0,2026
Leonard Miller,1631159,F,1.54,0.0,0.85,0.15,0.08,0.15,0.0,0.23,2.47,21.0,2025
Leonard Miller,1631159,F,2.75,0.25,1.38,0.25,0.0,0.44,0.5681818181818182,0.25,4.19,22.0,2026
Patty Mills,201988,G,4.35,1.24,1.24,0.71,0.18,0.94,1.319148936170213,0.89,6.78,36.0,2025
Patty Mills,201988,G,3.08,0.42,0.08,0.08,0.0,0.08,5.25,0.08,3.58,36.0,2025
Patty Mills,201988,G,3.83,0.9,0.76,0.45,0.1,0.59,1.5254237288135595,0.55,5.45,36.0,2025
Shake Milton,1629003,G,7.37,2.37,1.89,0.56,0.04,0.74,3.202702702702703,0.6,11.49,28.0,2025
Shake Milton,1629003,G,3.87,1.27,1.77,0.33,0.1,0.67,1.8955223880597014,0.43,6.67,28.0,2025
Shake Milton,1629003,G,5.53,1.79,1.82,0.44,0.07,0.7,2.5571428571428574,0.51,8.95,28.0,2025
Justin Minaya,1631303,F,0.95,0.37,0.53,0.32,0.05,0.26,1.423076923076923,0.37,1.96,26.0,2025
Riley Minix,1642434,F,0.0,0.0,2.0,0.0,0.0,0.0,0.0,0.0,2.0,24.0,2025
Riley Minix,1642434,F,3.0,0.33,0.67,0.33,0.0,0.0,inf,0.33,4.33,25.0,2026
Josh Minott,1631169,F,2.59,0.39,1.02,0.33,0.26,0.24,1.6250000000000002,0.59,4.35,22.0,2025
Josh Minott,1631169,F,6.34,1.1,3.97,0.83,0.38,0.62,1.774193548387097,1.21,12.0,23.0,2026
Yves Missi,1642274,C,9.11,1.36,8.23,0.51,1.34,1.12,1.2142857142857142,1.85,19.43,21.0,2025
Yves Missi,1642274,C,5.51,1.17,5.51,0.34,1.23,0.74,1.581081081081081,1.57,13.02,21.0,2026
Ajay Mitchell,1642349,G,6.5,1.78,1.89,0.69,0.11,0.81,2.197530864197531,0.8,10.16,23.0,2025
Ajay Mitchell,1642349,G,14.2,3.6,3.5,1.42,0.35,1.45,2.4827586206896552,1.77,21.62,23.0,2026
Davion Mitchell,1630558,G,6.34,4.61,1.93,0.7,0.18,1.77,2.6045197740112997,0.88,11.99,26.0,2025
Davion Mitchell,1630558,G,10.3,5.33,2.73,1.37,0.27,1.67,3.191616766467066,1.64,18.33,26.0,2025
Davion Mitchell,1630558,G,7.95,4.91,2.26,0.97,0.22,1.73,2.8381502890173413,1.19,14.58,26.0,2025
Davion Mitchell,1630558,G,9.13,7.34,2.47,1.18,0.11,1.71,4.292397660818714,1.29,18.52,27.0,2026
Donovan Mitchell,1628378,G,23.96,4.99,4.54,1.34,0.24,2.1,2.376190476190476,1.58,32.97,28.0,2025
Donovan Mitchell,1628378,G,29.66,5.58,4.74,1.47,0.26,2.97,1.8787878787878787,1.73,38.74,29.0,2026
Evan Mobley,1630596,C,18.54,3.18,9.28,0.86,1.59,2.04,1.5588235294117647,2.45,31.41,24.0,2025
Evan Mobley,1630596,C,17.92,4.14,8.69,0.97,1.86,2.14,1.934579439252336,2.83,31.44,24.0,2026
Jonathan Mogbo,1642367,F,6.17,2.32,4.94,0.87,0.54,1.11,2.0900900900900896,1.41,13.73,23.0,2025
Jonathan Mogbo,1642367,F,1.31,0.56,1.19,0.12,0.19,0.12,4.666666666666667,0.31,3.25,24.0,2026
Malik Monk,1628370,G,17.18,5.57,3.77,0.94,0.58,2.45,2.273469387755102,1.52,25.59,27.0,2025
Malik Monk,1628370,G,11.79,2.39,2.03,0.73,0.39,1.33,1.7969924812030076,1.12,16.0,27.0,2026
Moses Moody,1630541,G,9.78,1.3,2.55,0.8,0.42,0.73,1.7808219178082192,1.22,14.12,23.0,2025
Moses Moody,1630541,G,10.58,1.5,3.02,0.9,0.62,0.95,1.5789473684210527,1.52,15.67,23.0,2026
Tazé Moore,1631386,G,3.0,0.5,4.0,1.0,0.0,1.0,0.5,1.0,7.5,26.0,2025
Wendell Moore Jr.,1631111,G,3.15,1.15,2.2,0.5,0.15,0.45,2.5555555555555554,0.65,6.7,23.0,2025
Wendell Moore Jr.,1631111,G,5.44,1.19,3.19,0.62,0.12,1.12,1.0624999999999998,0.74,9.44,23.0,2025
Wendell Moore Jr.,1631111,G,4.17,1.17,2.64,0.56,0.14,0.75,1.5599999999999998,0.7,7.93,23.0,2025
Wendell Moore Jr.,1631111,G,2.0,1.0,1.33,0.67,0.33,0.33,3.0303030303030303,1.0,5.0,24.0,2026
Ja Morant,1629630,G,23.18,7.28,4.1,1.22,0.24,3.7,1.9675675675675675,1.46,32.32,25.0,2025
Ja Morant,1629630,G,19.0,7.56,3.22,1.0,0.17,3.56,2.1235955056179776,1.17,27.39,26.0,2026
Markieff Morris,202693,F,1.71,0.57,1.14,0.14,0.14,0.29,1.9655172413793103,0.28,3.41,35.0,2025
Markieff Morris,202693,F,5.5,2.12,1.88,0.12,0.25,0.38,5.578947368421053,0.37,9.49,35.0,2025
Markieff Morris,202693,F,3.73,1.4,1.53,0.13,0.2,0.33,4.242424242424242,0.33,6.66,35.0,2025
Monté Morris,1628420,G,5.18,1.62,1.49,0.44,0.07,0.47,3.446808510638298,0.51,8.33,30.0,2025
Monté Morris,1628420,G,3.0,1.5,1.17,0.17,0.17,0.33,4.545454545454545,0.34,5.68,30.0,2026
Trey Murphy III,1630530,F,21.21,3.55,5.06,1.06,0.74,1.94,1.8298969072164948,1.8,29.68,25.0,2025
Trey Murphy III,1630530,F,22.21,3.56,6.23,1.56,0.23,1.9,1.8736842105263158,1.79,31.89,25.0,2026
Dejounte Murray,1627749,G,17.48,7.35,6.45,2.03,0.39,3.42,2.1491228070175437,2.42,30.28,28.0,2025
Jamal Murray,1627750,G,21.43,6.01,3.9,1.36,0.49,2.06,2.9174757281553396,1.85,31.13,28.0,2025
Jamal Murray,1627750,G,25.78,7.46,4.54,1.0,0.3,2.32,3.2155172413793105,1.3,36.76,28.0,2026
Keegan Murray,1631099,F,12.39,1.43,6.67,0.8,0.91,0.79,1.810126582278481,1.71,21.41,24.0,2025
Keegan Murray,1631099,F,14.58,1.53,6.11,1.21,1.58,1.16,1.3189655172413794,2.79,23.85,25.0,2026
Kris Murray,1631200,F,4.16,0.99,2.64,0.51,0.25,0.62,1.596774193548387,0.76,7.93,24.0,2025
Kris Murray,1631200,F,6.09,1.24,4.0,1.18,0.41,0.91,1.3626373626373627,1.59,12.01,25.0,2026
Svi Mykhailiuk,1629004,G,8.79,2.0,2.37,0.5,0.18,1.37,1.4598540145985401,0.68,12.47,28.0,2025
Svi Mykhailiuk,1629004,G,9.03,2.03,2.6,0.49,0.09,0.8,2.5374999999999996,0.58,13.44,28.0,2026
Pete Nance,1631250,F,2.14,0.43,1.43,0.14,0.0,0.0,inf,0.14,4.14,25.0,2025
Pete Nance,1631250,F,3.83,1.17,1.83,0.17,0.33,0.67,1.7462686567164176,0.5,6.66,25.0,2025
Pete Nance,1631250,F,2.92,0.77,1.62,0.15,0.15,0.31,2.4838709677419355,0.3,5.3,25.0,2025
Pete Nance,1631250,F,2.27,0.18,0.73,0.09,0.09,0.27,0.6666666666666666,0.18,3.09,25.0,2026
Larry Nance Jr.,1626204,F,8.46,1.58,4.29,0.83,0.54,0.67,2.3582089552238807,1.37,15.03,32.0,2025
Larry Nance Jr.,1626204,F,3.53,1.18,2.71,0.53,0.24,0.53,2.2264150943396226,0.77,7.66,33.0,2026
Andrew Nembhard,1629614,G,10.05,5.02,3.32,1.22,0.17,1.72,2.9186046511627906,1.39,18.06,25.0,2025
Andrew Nembhard,1629614,G,17.38,7.06,2.62,0.97,0.16,2.22,3.1801801801801797,1.13,25.97,25.0,2026
Aaron Nesmith,1630174,G,12.02,1.2,3.96,0.78,0.38,0.82,1.4634146341463414,1.16,17.52,25.0,2025
Aaron Nesmith,1630174,G,13.81,2.1,5.05,0.71,0.57,1.29,1.627906976744186,1.28,20.95,26.0,2026
Tristen Newton,1641803,G,0.6,0.2,0.0,0.0,0.0,0.2,1.0,0.0,0.6,24.0,2025
Tristen Newton,1641803,G,0.0,0.33,1.33,0.33,0.0,0.33,1.0,0.33,1.66,24.0,2025
Tristen Newton,1641803,G,0.38,0.25,0.5,0.12,0.0,0.25,1.0,0.12,1.0,24.0,2025
Georges Niang,1627777,F,8.73,1.31,3.71,0.33,0.14,0.94,1.393617021276596,0.47,13.28,32.0,2025
Georges Niang,1627777,F,12.11,1.57,2.96,0.39,0.25,1.21,1.297520661157025,0.64,16.07,32.0,2025
Georges Niang,1627777,F,9.92,1.41,3.44,0.35,0.18,1.04,1.3557692307692306,0.53,14.26,32.0,2025
Daishen Nix,1630227,G,0.33,1.0,1.33,0.0,0.0,1.33,0.7518796992481203,0.0,1.33,23.0,2025
Zeke Nnaji,1630192,F,3.23,0.4,1.58,0.44,0.67,0.25,1.6,1.11,6.07,24.0,2025
Zeke Nnaji,1630192,F,4.32,0.5,2.36,0.46,0.43,0.46,1.0869565217391304,0.89,7.61,25.0,2026
Miles Norris,1641936,F,2.33,0.0,3.0,0.67,0.33,0.0,0.0,1.0,6.33,25.0,2025
Jaylen Nowell,1629669,G,8.38,2.25,2.5,0.12,0.5,1.0,2.25,0.62,12.75,25.0,2025
Jusuf Nurkić,203994,C,8.6,1.88,9.16,0.92,0.64,2.28,0.8245614035087719,1.56,18.92,30.0,2025
Jusuf Nurkić,203994,C,9.15,2.62,6.5,0.65,0.69,1.54,1.7012987012987013,1.34,18.07,30.0,2025
Jusuf Nurkić,203994,C,8.88,2.25,7.8,0.78,0.67,1.9,1.1842105263157896,1.45,18.48,30.0,2025
Jusuf Nurkić,203994,C,10.44,4.31,10.0,1.41,0.44,2.44,1.7663934426229506,1.85,24.16,31.0,2026
Royce O'Neale,1626220,F,9.07,2.17,4.65,0.89,0.44,0.87,2.494252873563218,1.33,16.35,32.0,2025
Royce O'Neale,1626220,F,10.49,2.93,5.12,1.22,0.32,1.49,1.9664429530201344,1.54,18.59,32.0,2026
Jahlil Okafor,1626143,C,0.0,1.0,1.0,0.0,0.0,0.0,inf,0.0,2.0,29.0,2025
Chuma Okeke,1629643,F,6.86,1.86,6.14,0.71,0.43,0.43,4.325581395348838,1.14,15.57,26.0,2025
Chuma Okeke,1629643,F,2.5,1.0,2.0,0.0,0.5,0.0,inf,0.5,6.0,26.0,2025
Chuma Okeke,1629643,F,5.89,1.67,5.22,0.56,0.44,0.33,5.0606060606060606,1.0,13.45,26.0,2025
Josh Okogie,1629006,G,6.0,0.56,2.88,0.84,0.44,0.64,0.8750000000000001,1.28,10.08,26.0,2025
Josh Okogie,1629006,G,8.87,1.27,2.73,1.8,0.53,1.0,1.27,2.33,14.2,26.0,2025
Josh Okogie,1629006,G,7.08,0.82,2.82,1.2,0.48,0.78,1.051282051282051,1.68,11.62,26.0,2025
Josh Okogie,1629006,G,5.63,0.95,2.84,0.97,0.18,0.79,1.2025316455696202,1.15,9.78,27.0,2026
Onyeka Okongwu,1630168,F,13.35,2.27,8.92,0.93,0.92,1.22,1.860655737704918,1.85,25.17,24.0,2025
Onyeka Okongwu,1630168,F,16.27,3.39,7.9,1.17,0.98,1.85,1.8324324324324324,2.15,27.86,25.0,2026
Isaac Okoro,1630171,F,6.13,1.24,2.36,0.58,0.29,0.42,2.9523809523809526,0.87,10.18,24.0,2025
Isaac Okoro,1630171,F,8.69,1.38,2.75,0.5,0.53,0.66,2.090909090909091,1.03,13.19,24.0,2026
Quincy Olivari,1642439,G,1.5,0.5,0.0,0.0,0.0,0.5,1.0,0.0,1.5,24.0,2025
Kelly Olynyk,203482,F,7.12,2.33,3.71,0.67,0.33,1.46,1.5958904109589043,1.0,12.7,34.0,2025
Kelly Olynyk,203482,F,10.65,3.6,5.85,0.85,0.55,2.05,1.75609756097561,1.4,19.45,34.0,2025
Kelly Olynyk,203482,F,8.73,2.91,4.68,0.75,0.43,1.73,1.6820809248554913,1.18,15.77,34.0,2025
Kelly Olynyk,203482,F,3.65,1.35,2.0,0.46,0.04,0.54,2.5,0.5,6.96,34.0,2026
Kelly Oubre Jr.,1626162,F,15.1,1.8,6.13,1.53,0.5,1.33,1.3533834586466165,2.03,23.73,29.0,2025
Kelly Oubre Jr.,1626162,F,13.53,1.12,4.94,1.12,0.82,1.47,0.761904761904762,1.94,20.06,30.0,2026
Chris Paul,101108,G,8.82,7.38,3.61,1.26,0.27,1.57,4.700636942675159,1.53,19.77,40.0,2025
Chris Paul,101108,G,2.94,3.31,1.75,0.69,0.0,1.0,3.31,0.69,7.69,40.0,2026
Cameron Payne,1626166,G,6.94,2.82,1.44,0.54,0.22,0.72,3.9166666666666665,0.76,11.24,30.0,2025
Elfrid Payton,203901,G,1.0,3.33,2.17,1.0,0.5,1.17,2.8461538461538463,1.5,6.83,31.0,2025
Elfrid Payton,203901,G,4.39,8.11,3.67,1.0,0.44,2.89,2.806228373702422,1.44,14.72,31.0,2025
Elfrid Payton,203901,G,3.54,6.92,3.29,1.0,0.46,2.46,2.813008130081301,1.46,12.75,31.0,2025
Gary Payton II,1627780,G,6.45,1.34,2.98,0.84,0.27,0.63,2.126984126984127,1.11,11.25,32.0,2025
Gary Payton II,1627780,G,4.87,1.67,3.31,0.56,0.33,0.82,2.0365853658536586,0.89,9.92,33.0,2026
Drew Peterson,1641809,F,2.16,0.52,1.6,0.2,0.08,0.32,1.625,0.28,4.24,25.0,2025
Drew Peterson,1641809,F,0.83,0.33,1.5,0.5,0.17,0.0,inf,0.67,3.33,26.0,2026
Julian Phillips,1641763,F,4.63,0.49,2.14,0.48,0.25,0.34,1.441176470588235,0.73,7.65,21.0,2025
Julian Phillips,1641763,F,2.96,0.25,1.39,0.54,0.21,0.21,1.1904761904761905,0.75,5.14,22.0,2026
Jalen Pickett,1629618,G,4.08,2.18,1.45,0.39,0.1,0.49,4.448979591836735,0.49,7.71,25.0,2025
Jalen Pickett,1629618,G,6.0,2.35,2.5,0.31,0.12,0.77,3.051948051948052,0.43,10.51,26.0,2026
Scotty Pippen Jr.,1630590,G,9.86,4.39,3.28,1.3,0.38,1.75,2.5085714285714285,1.68,17.46,24.0,2025
Daeqwon Plowden,1631342,G,7.17,0.33,1.83,0.0,0.0,0.67,0.4925373134328358,0.0,8.66,26.0,2025
Daeqwon Plowden,1631342,G,2.0,0.0,2.0,0.0,0.0,0.0,0.0,0.0,4.0,27.0,2026
Mason Plumlee,203486,F,4.5,1.81,6.15,0.45,0.64,0.8,2.2624999999999997,1.09,12.75,35.0,2025
Mason Plumlee,203486,F,1.86,1.14,2.86,0.43,0.0,0.64,1.7812499999999998,0.43,5.65,35.0,2026
Brandin Podziemski,1641764,G,11.67,3.44,5.08,1.08,0.2,1.17,2.9401709401709404,1.28,20.3,22.0,2025
Brandin Podziemski,1641764,G,11.93,3.14,4.4,1.07,0.17,1.38,2.27536231884058,1.24,19.33,22.0,2026
Jakob Poeltl,1627751,C,14.46,2.77,9.6,1.16,1.25,1.95,1.4205128205128206,2.41,27.29,29.0,2025
Jakob Poeltl,1627751,C,9.71,2.14,7.71,0.76,0.52,1.57,1.3630573248407643,1.28,19.27,30.0,2026
Jordan Poole,1629673,G,20.46,4.46,2.99,1.26,0.4,3.0,1.4866666666666666,1.66,26.57,26.0,2025
Jordan Poole,1629673,G,15.21,3.25,1.62,0.71,0.38,2.0,1.625,1.09,19.17,26.0,2026
Craig Porter Jr.,1641854,G,3.69,1.39,1.31,0.33,0.29,0.75,1.8533333333333333,0.62,6.26,25.0,2025
Craig Porter Jr.,1641854,G,4.76,2.84,3.62,1.0,0.62,0.84,3.380952380952381,1.62,12.0,25.0,2026
