player,pos,PTS,AST,REB,STL,BLK,TOV,AST_TO,STOCKS,FIC,age,year
Precious Achiuwa,F,4.98,0.48,3.41,0.33,0.46,0.7,0.6857142857142857,0.79,8.96,21.0,2021
Precious Achiuwa,F,9.1,1.12,6.48,0.51,0.56,1.15,0.973913043478261,1.07,16.62,22.0,2022
Precious Achiuwa,F,9.24,0.91,5.96,0.56,0.55,1.07,0.8504672897196262,1.11,16.15,23.0,2023
Precious Achiuwa,F,7.72,1.76,5.44,0.64,0.48,1.16,1.517241379310345,1.12,14.88,24.0,2024
Precious Achiuwa,F,7.59,1.08,7.16,0.61,1.14,1.1,0.9818181818181818,1.75,16.48,24.0,2024
Precious Achiuwa,F,7.64,1.31,6.58,0.62,0.92,1.12,1.169642857142857,1.54,15.95,24.0,2024
Steven Adams,C,7.67,0.94,7.47,0.54,1.23,1.41,0.6666666666666666,1.77,16.44,21.0,2015
Steven Adams,C,7.95,0.78,6.66,0.52,1.11,1.05,0.7428571428571429,1.63,15.97,22.0,2016
Steven Adams,C,11.31,1.08,7.66,1.11,0.98,1.82,0.5934065934065934,2.09,20.32,23.0,2017
Steven Adams,C,13.89,1.16,9.01,1.21,1.03,1.68,0.6904761904761905,2.24,24.62,24.0,2018
Steven Adams,C,13.85,1.55,9.5,1.46,0.95,1.69,0.9171597633136095,2.41,25.62,25.0,2019
Steven Adams,C,10.86,2.32,9.25,0.81,1.06,1.49,1.5570469798657718,1.87,22.81,26.0,2020
Steven Adams,C,7.55,1.91,8.86,0.93,0.66,1.34,1.425373134328358,1.59,18.57,27.0,2021
Steven Adams,C,6.95,3.37,10.0,0.86,0.79,1.51,2.2317880794701987,1.65,20.46,28.0,2022
Steven Adams,C,8.6,2.31,11.55,0.86,1.1,1.88,1.2287234042553192,1.96,22.54,29.0,2023
Bam Adebayo,C,6.91,1.46,5.52,0.46,0.59,0.96,1.5208333333333333,1.05,13.98,20.0,2018
Bam Adebayo,C,8.89,2.24,7.28,0.87,0.79,1.48,1.5135135135135136,1.66,18.59,21.0,2019
Bam Adebayo,C,15.92,5.11,10.21,1.14,1.29,2.83,1.80565371024735,2.43,30.84,22.0,2020
Bam Adebayo,C,18.7,5.41,8.95,1.17,1.03,2.64,2.0492424242424243,2.2,32.62,23.0,2021
Bam Adebayo,C,19.07,3.39,10.07,1.43,0.79,2.64,1.2840909090909092,2.22,32.11,24.0,2022
Bam Adebayo,C,20.39,3.2,9.17,1.17,0.81,2.49,1.285140562248996,1.98,32.25,25.0,2023
Bam Adebayo,C,19.25,3.92,10.38,1.14,0.93,2.28,1.719298245614035,2.07,33.34,26.0,2024
Ochai Agbaji,G,7.92,1.14,2.05,0.27,0.25,0.69,1.6521739130434783,0.52,10.94,23.0,2023
Ochai Agbaji,G,5.37,0.92,2.47,0.53,0.57,0.67,1.373134328358209,1.1,9.19,24.0,2024
Ochai Agbaji,G,6.7,1.33,3.33,0.74,0.56,1.11,1.1981981981981982,1.3,11.55,24.0,2024
Ochai Agbaji,G,5.83,1.06,2.77,0.6,0.56,0.82,1.2926829268292683,1.16,10.0,24.0,2024
Santi Aldama,F,4.12,0.66,2.72,0.19,0.31,0.5,1.32,0.5,7.5,21.0,2022
Santi Aldama,F,9.04,1.26,4.82,0.58,0.62,0.78,1.6153846153846154,1.2,15.54,22.0,2023
Santi Aldama,F,10.72,2.26,5.77,0.7,0.89,1.13,2.0,1.59,19.21,23.0,2024
Nickeil Alexander-Walker,G,5.68,1.89,1.79,0.36,0.17,1.15,1.6434782608695653,0.53,8.74,21.0,2020
Nickeil Alexander-Walker,G,11.04,2.22,3.13,1.02,0.48,1.5,1.4800000000000002,1.5,16.39,22.0,2021
Nickeil Alexander-Walker,G,12.78,2.78,3.28,0.82,0.38,1.7,1.6352941176470588,1.2,18.34,23.0,2022
Nickeil Alexander-Walker,G,3.53,1.13,1.53,0.33,0.27,0.53,2.132075471698113,0.6,6.26,23.0,2022
Nickeil Alexander-Walker,G,10.65,2.4,2.88,0.71,0.35,1.43,1.6783216783216783,1.06,15.56,23.0,2022
Nickeil Alexander-Walker,G,6.33,2.11,1.64,0.67,0.39,1.25,1.688,1.06,9.89,24.0,2023
Nickeil Alexander-Walker,G,5.87,1.39,1.83,0.35,0.3,0.43,3.2325581395348837,0.65,9.31,24.0,2023
Nickeil Alexander-Walker,G,6.15,1.83,1.71,0.54,0.36,0.93,1.967741935483871,0.9,9.66,24.0,2023
Nickeil Alexander-Walker,G,7.99,2.49,2.04,0.78,0.51,0.93,2.67741935483871,1.29,12.88,25.0,2024
Grayson Allen,G,5.55,0.66,0.61,0.16,0.16,0.87,0.7586206896551725,0.32,6.27,23.0,2019
Grayson Allen,G,8.68,1.37,2.24,0.26,0.05,0.87,1.574712643678161,0.31,11.73,24.0,2020
Grayson Allen,G,10.64,2.16,3.2,0.92,0.16,0.96,2.2500000000000004,1.08,16.12,25.0,2021
Grayson Allen,G,11.11,1.52,3.36,0.7,0.27,0.65,2.3384615384615386,0.97,16.31,26.0,2022
Grayson Allen,G,10.42,2.26,3.29,0.86,0.19,1.0,2.26,1.05,16.02,27.0,2023
Grayson Allen,G,13.52,3.03,3.93,0.92,0.6,1.27,2.385826771653543,1.52,20.73,28.0,2024
Jarrett Allen,C,8.15,0.68,5.39,0.39,1.22,1.14,0.5964912280701755,1.61,14.69,20.0,2018
Jarrett Allen,C,10.91,1.38,8.4,0.54,1.5,1.29,1.069767441860465,2.04,21.44,21.0,2019
Jarrett Allen,C,11.07,1.57,9.59,0.57,1.31,1.1,1.4272727272727272,1.88,23.01,22.0,2020
Jarrett Allen,C,11.17,1.67,10.42,0.58,1.58,1.83,0.9125683060109289,2.16,23.59,23.0,2021
Jarrett Allen,C,13.18,1.69,9.92,0.49,1.39,1.53,1.1045751633986927,1.88,25.14,23.0,2021
Jarrett Allen,C,12.79,1.68,10.02,0.51,1.43,1.59,1.0566037735849056,1.94,24.84,23.0,2021
Jarrett Allen,C,16.14,1.64,10.75,0.79,1.34,1.68,0.9761904761904762,2.13,28.98,24.0,2022
Jarrett Allen,C,14.25,1.66,9.79,0.79,1.24,1.37,1.2116788321167882,2.03,26.36,25.0,2023
Jarrett Allen,C,16.51,2.73,10.53,0.69,1.05,1.57,1.7388535031847132,1.74,29.94,26.0,2024
Jose Alvarado,G,6.11,2.81,1.85,1.31,0.13,0.74,3.7972972972972974,1.44,11.47,24.0,2022
Jose Alvarado,G,9.02,3.05,2.31,1.1,0.16,1.33,2.2932330827067666,1.26,14.31,25.0,2023
Jose Alvarado,G,7.09,2.09,2.29,1.05,0.27,0.71,2.943661971830986,1.32,12.08,26.0,2024
Kyle Anderson,F,2.24,0.85,2.18,0.45,0.21,0.3,2.8333333333333335,0.66,5.63,21.0,2015
Kyle Anderson,F,4.49,1.58,3.13,0.77,0.37,0.76,2.0789473684210527,1.14,9.58,22.0,2016
Kyle Anderson,F,3.42,1.26,2.89,0.71,0.36,0.54,2.333333333333333,1.07,8.1,23.0,2017
Kyle Anderson,F,7.91,2.73,5.35,1.55,0.81,1.27,2.149606299212598,2.36,17.08,24.0,2018
Kyle Anderson,F,8.05,2.98,5.84,1.26,0.86,1.35,2.2074074074074073,2.12,17.64,25.0,2019
Kyle Anderson,F,5.82,2.42,4.25,0.81,0.55,0.99,2.444444444444444,1.36,12.86,26.0,2020
Kyle Anderson,F,12.38,3.62,5.74,1.22,0.83,1.25,2.896,2.05,22.54,27.0,2021
Kyle Anderson,F,7.55,2.65,5.33,1.12,0.65,1.03,2.5728155339805823,1.77,16.27,28.0,2022
Kyle Anderson,F,9.38,4.86,5.33,1.13,0.91,1.49,3.2617449664429534,2.04,20.12,29.0,2023
Kyle Anderson,F,6.41,4.19,3.46,0.9,0.59,1.15,3.643478260869566,1.49,14.4,30.0,2024
Giannis Antetokounmpo,F,12.72,2.56,6.69,0.9,1.05,2.14,1.1962616822429906,1.95,21.78,20.0,2015
Giannis Antetokounmpo,F,16.88,4.31,7.65,1.18,1.41,2.6,1.6576923076923076,2.59,28.83,21.0,2016
Giannis Antetokounmpo,F,22.9,5.42,8.75,1.64,1.89,2.92,1.856164383561644,3.53,37.68,22.0,2017
Giannis Antetokounmpo,F,26.85,4.81,10.04,1.45,1.41,2.97,1.6195286195286194,2.86,41.59,23.0,2018
Giannis Antetokounmpo,F,27.69,5.89,12.47,1.28,1.53,3.72,1.5833333333333333,2.81,45.14,24.0,2019
Giannis Antetokounmpo,F,29.48,5.62,13.59,0.97,1.05,3.65,1.5397260273972604,2.02,47.06,25.0,2020
Giannis Antetokounmpo,F,28.15,5.85,11.0,1.18,1.2,3.39,1.725663716814159,2.38,43.99,26.0,2021
Giannis Antetokounmpo,F,29.88,5.79,11.61,1.07,1.36,3.27,1.7706422018348624,2.43,46.44,27.0,2022
Giannis Antetokounmpo,F,31.1,5.7,11.78,0.83,0.81,3.9,1.4615384615384617,1.64,46.32,28.0,2023
Giannis Antetokounmpo,F,30.44,6.52,11.52,1.19,1.08,3.42,1.9064327485380117,2.27,47.33,29.0,2024
Cole Anthony,G,12.87,4.09,4.7,0.64,0.38,2.26,1.8097345132743363,1.02,20.42,21.0,2021
Cole Anthony,G,16.34,5.68,5.35,0.71,0.26,2.62,2.1679389312977095,0.97,25.72,22.0,2022
Cole Anthony,G,13.02,3.92,4.8,0.62,0.52,1.52,2.5789473684210527,1.14,21.36,23.0,2023
Cole Anthony,G,11.57,2.91,3.84,0.79,0.46,1.56,1.8653846153846154,1.25,18.01,24.0,2024
OG Anunoby,F,5.92,0.74,2.49,0.7,0.19,0.61,1.2131147540983607,0.89,9.43,20.0,2018
OG Anunoby,F,7.0,0.7,2.94,0.69,0.33,0.82,0.8536585365853658,1.02,10.84,21.0,2019
OG Anunoby,F,10.62,1.57,5.28,1.39,0.65,1.14,1.3771929824561404,2.04,18.37,22.0,2020
OG Anunoby,F,15.86,2.19,5.51,1.53,0.74,1.74,1.2586206896551724,2.27,24.09,23.0,2021
OG Anunoby,F,17.12,2.6,5.5,1.48,0.52,1.67,1.5568862275449102,2.0,25.55,24.0,2022
OG Anunoby,F,16.78,1.96,4.96,1.91,0.75,1.97,0.9949238578680203,2.66,24.39,25.0,2023
OG Anunoby,F,15.11,2.67,3.93,1.04,0.48,1.59,1.6792452830188678,1.52,21.64,26.0,2024
OG Anunoby,F,14.13,1.52,4.43,1.74,1.0,1.65,0.9212121212121213,2.74,21.17,26.0,2024
OG Anunoby,F,14.66,2.14,4.16,1.36,0.72,1.62,1.3209876543209877,2.08,21.42,26.0,2024
Deni Avdija,F,6.33,1.17,4.85,0.59,0.28,0.61,1.9180327868852458,0.87,12.61,20.0,2021
Deni Avdija,F,8.35,2.04,5.18,0.72,0.54,1.06,1.9245283018867925,1.26,15.77,21.0,2022
Deni Avdija,F,9.17,2.78,6.41,0.86,0.38,1.62,1.7160493827160492,1.24,17.98,22.0,2023
Deni Avdija,F,14.69,3.81,7.2,0.8,0.48,2.13,1.7887323943661972,1.28,24.85,23.0,2024
Deandre Ayton,C,16.32,1.76,10.27,0.86,0.94,1.77,0.9943502824858756,1.8,28.38,20.0,2019
Deandre Ayton,C,18.16,1.89,11.47,0.68,1.53,2.11,0.8957345971563981,2.21,31.62,21.0,2020
Deandre Ayton,C,14.45,1.43,10.54,0.59,1.17,1.49,0.959731543624161,1.76,26.69,22.0,2021
Deandre Ayton,C,17.19,1.45,10.22,0.69,0.69,1.57,0.9235668789808916,1.38,28.67,23.0,2022
Deandre Ayton,C,17.96,1.72,9.96,0.55,0.79,1.79,0.9608938547486033,1.34,29.19,24.0,2023
Deandre Ayton,C,16.73,1.64,11.07,1.02,0.76,1.8,0.911111111111111,1.78,29.42,25.0,2024
Marvin Bagley III,F,14.89,1.0,7.6,0.53,0.95,1.58,0.6329113924050632,1.48,23.39,20.0,2019
Marvin Bagley III,F,14.23,0.77,7.46,0.46,0.92,1.38,0.5579710144927537,1.38,22.46,21.0,2020
Marvin Bagley III,F,14.14,1.0,7.4,0.49,0.49,1.37,0.7299270072992701,0.98,22.15,22.0,2021
Marvin Bagley III,F,9.27,0.57,7.17,0.3,0.37,0.7,0.8142857142857143,0.67,16.98,23.0,2022
Marvin Bagley III,F,14.56,1.06,6.83,0.72,0.39,1.0,1.06,1.11,22.56,23.0,2022
Marvin Bagley III,F,11.25,0.75,7.04,0.46,0.38,0.81,0.9259259259259258,0.84,19.07,23.0,2022
Marvin Bagley III,F,12.0,0.86,6.4,0.45,0.71,1.1,0.7818181818181817,1.16,19.32,24.0,2023
Marvin Bagley III,F,10.19,1.04,4.54,0.19,0.54,1.12,0.9285714285714285,0.73,15.38,25.0,2024
Marvin Bagley III,F,13.25,1.17,8.08,0.62,0.79,1.25,0.9359999999999999,1.41,22.66,25.0,2024
Marvin Bagley III,F,11.66,1.1,6.24,0.4,0.66,1.18,0.9322033898305085,1.06,18.88,25.0,2024
Patrick Baldwin Jr.,F,3.94,0.35,1.29,0.19,0.13,0.35,1.0,0.32,5.55,20.0,2023
Patrick Baldwin Jr.,F,4.42,0.76,3.24,0.47,0.39,0.5,1.52,0.86,8.78,21.0,2024
LaMelo Ball,G,15.75,6.14,5.92,1.59,0.35,2.84,2.1619718309859155,1.94,26.91,19.0,2021
LaMelo Ball,G,20.11,7.61,6.68,1.59,0.4,3.27,2.327217125382263,1.99,33.12,20.0,2022
LaMelo Ball,G,23.28,8.44,6.42,1.28,0.31,3.58,2.3575418994413404,1.59,36.15,21.0,2023
LaMelo Ball,G,23.91,8.0,5.14,1.82,0.18,3.77,2.1220159151193636,2.0,35.28,22.0,2024
Lonzo Ball,G,10.15,7.23,6.92,1.69,0.83,2.62,2.7595419847328246,2.52,24.2,20.0,2018
Lonzo Ball,G,9.89,5.43,5.34,1.47,0.4,2.19,2.4794520547945207,1.87,20.34,21.0,2019
Lonzo Ball,G,11.83,6.95,6.08,1.4,0.6,3.06,2.2712418300653594,2.0,23.8,22.0,2020
Lonzo Ball,G,14.58,5.75,4.78,1.49,0.56,2.24,2.5669642857142856,2.05,24.92,23.0,2021
Lonzo Ball,G,13.0,5.09,5.43,1.83,0.89,2.34,2.1752136752136755,2.72,23.9,24.0,2022
Mo Bamba,C,6.21,0.83,4.96,0.28,1.36,0.91,0.9120879120879121,1.64,12.73,21.0,2019
Mo Bamba,C,5.35,0.68,4.87,0.37,1.39,0.68,1.0,1.76,11.98,22.0,2020
Mo Bamba,C,7.98,0.76,5.76,0.3,1.26,0.78,0.9743589743589743,1.56,15.28,23.0,2021
Mo Bamba,C,10.65,1.2,8.06,0.54,1.66,1.08,1.111111111111111,2.2,21.03,24.0,2022
Mo Bamba,C,7.25,1.05,4.6,0.3,0.95,0.55,1.909090909090909,1.25,13.6,25.0,2023
Mo Bamba,C,3.67,0.44,4.56,0.11,0.56,0.89,0.4943820224719101,0.67,8.45,25.0,2023
Mo Bamba,C,6.59,0.94,4.59,0.27,0.88,0.61,1.540983606557377,1.15,12.66,25.0,2023
Mo Bamba,C,4.44,0.72,4.18,0.39,1.05,0.68,1.0588235294117645,1.44,10.1,26.0,2024
Paolo Banchero,F,19.96,3.74,6.9,0.83,0.54,2.78,1.3453237410071943,1.37,29.19,20.0,2023
Paolo Banchero,F,22.55,5.39,6.92,0.89,0.59,3.09,1.744336569579288,1.48,33.25,21.0,2024
Desmond Bane,G,9.19,1.74,3.09,0.6,0.24,0.87,2.0,0.84,13.99,23.0,2021
Desmond Bane,G,18.21,2.74,4.39,1.21,0.38,1.46,1.8767123287671235,1.59,25.47,24.0,2022
Desmond Bane,G,21.5,4.38,5.02,0.97,0.38,2.17,2.0184331797235022,1.35,30.08,25.0,2023
Desmond Bane,G,23.74,5.48,4.4,1.02,0.52,2.67,2.052434456928839,1.54,32.49,26.0,2024
Dalano Banton,F,3.2,1.55,1.94,0.44,0.16,0.83,1.8674698795180724,0.6,6.46,22.0,2022
Dalano Banton,F,4.58,1.16,1.45,0.42,0.42,0.58,2.0,0.84,7.45,23.0,2023
Dalano Banton,F,2.33,0.79,1.46,0.21,0.12,0.42,1.8809523809523812,0.33,4.49,24.0,2024
Dalano Banton,F,16.7,3.6,4.77,0.93,0.57,2.23,1.6143497757847534,1.5,24.34,24.0,2024
Dalano Banton,F,10.31,2.35,3.3,0.61,0.37,1.43,1.6433566433566436,0.98,15.51,24.0,2024
Dominick Barlow,F,3.93,0.86,3.64,0.36,0.68,0.54,1.5925925925925926,1.04,8.93,20.0,2023
Dominick Barlow,F,4.36,1.09,3.42,0.36,0.42,0.27,4.037037037037037,0.78,9.38,21.0,2024
Harrison Barnes,F,10.09,1.41,5.52,0.74,0.23,0.87,1.6206896551724137,0.97,17.12,23.0,2015
Harrison Barnes,F,11.73,1.77,4.92,0.62,0.15,0.86,2.058139534883721,0.77,18.33,24.0,2016
Harrison Barnes,F,19.22,1.47,4.99,0.82,0.19,1.29,1.1395348837209303,1.01,25.4,25.0,2017
Harrison Barnes,F,18.86,1.97,6.08,0.64,0.18,1.53,1.287581699346405,0.82,26.2,26.0,2018
Harrison Barnes,F,17.67,1.27,4.22,0.67,0.22,1.39,0.9136690647482015,0.89,22.66,27.0,2019
Harrison Barnes,F,14.25,1.89,5.5,0.61,0.07,1.07,1.7663551401869158,0.68,21.25,27.0,2019
Harrison Barnes,F,16.43,1.49,4.69,0.65,0.17,1.27,1.1732283464566928,0.82,22.16,27.0,2019
Harrison Barnes,F,14.53,2.21,4.93,0.6,0.17,1.22,1.8114754098360655,0.77,21.22,28.0,2020
Harrison Barnes,F,16.09,3.47,6.64,0.74,0.19,1.6,2.16875,0.93,25.53,29.0,2021
Harrison Barnes,F,16.43,2.42,5.61,0.69,0.18,1.53,1.5816993464052287,0.87,23.8,30.0,2022
Harrison Barnes,F,15.0,1.56,4.46,0.7,0.12,1.05,1.4857142857142858,0.82,20.79,31.0,2023
Harrison Barnes,F,12.2,1.21,3.04,0.66,0.15,0.71,1.704225352112676,0.81,16.55,32.0,2024
Scottie Barnes,F,15.32,3.46,7.53,1.08,0.74,1.84,1.8804347826086956,1.82,26.29,20.0,2022
Scottie Barnes,F,15.31,4.82,6.65,1.08,0.79,2.0,2.41,1.87,26.65,21.0,2023
Scottie Barnes,F,19.85,6.05,8.23,1.25,1.47,2.75,2.1999999999999997,2.72,34.1,22.0,2024
RJ Barrett,F,14.34,2.55,4.98,0.98,0.3,2.21,1.1538461538461537,1.28,20.94,20.0,2020
RJ Barrett,F,17.56,3.01,5.75,0.74,0.28,1.93,1.5595854922279793,1.02,25.41,21.0,2021
RJ Barrett,F,20.03,2.97,5.83,0.61,0.23,2.16,1.375,0.84,27.51,22.0,2022
RJ Barrett,F,19.6,2.75,5.04,0.42,0.21,2.25,1.2222222222222223,0.63,25.77,23.0,2023
RJ Barrett,F,18.23,2.42,4.27,0.46,0.35,1.81,1.3370165745856353,0.81,23.92,24.0,2024
RJ Barrett,F,21.75,4.06,6.38,0.59,0.41,2.47,1.643724696356275,1.0,30.72,24.0,2024
RJ Barrett,F,20.17,3.33,5.43,0.53,0.38,2.17,1.534562211981567,0.91,27.67,24.0,2024
Charles Bassey,C,3.0,0.3,2.7,0.22,0.74,0.35,0.8571428571428572,0.96,6.61,21.0,2022
Charles Bassey,C,5.69,1.37,5.51,0.46,0.94,1.17,1.170940170940171,1.4,12.8,22.0,2023
Charles Bassey,C,3.32,1.11,4.0,0.42,0.89,0.79,1.4050632911392407,1.31,8.95,23.0,2024
Emoni Bates,F,2.73,0.67,0.93,0.07,0.13,0.53,1.2641509433962264,0.2,4.0,20.0,2024
Nicolas Batum,G,9.35,4.8,5.86,1.1,0.56,1.86,2.5806451612903225,1.66,19.81,26.0,2015
Nicolas Batum,G,14.94,5.76,6.11,0.93,0.61,2.93,1.9658703071672352,1.54,25.42,27.0,2016
Nicolas Batum,G,15.12,5.92,6.25,1.12,0.38,2.52,2.3492063492063493,1.5,26.27,28.0,2017
Nicolas Batum,G,11.56,5.45,4.78,1.02,0.36,2.05,2.658536585365854,1.38,21.12,29.0,2018
Nicolas Batum,G,9.32,3.29,5.2,0.95,0.57,1.56,2.108974358974359,1.52,17.77,30.0,2019
Nicolas Batum,G,3.59,3.0,4.55,0.77,0.36,1.0,3.0,1.13,11.27,31.0,2020
Nicolas Batum,G,8.06,2.21,4.72,1.03,0.55,0.79,2.7974683544303796,1.58,15.78,32.0,2021
Nicolas Batum,G,8.32,1.69,4.31,0.98,0.71,0.68,2.4852941176470584,1.69,15.33,33.0,2022
Nicolas Batum,G,6.13,1.55,3.83,0.69,0.56,0.64,2.421875,1.25,12.12,34.0,2023
Nicolas Batum,G,2.67,1.67,2.33,1.0,1.33,0.33,5.0606060606060606,2.33,8.67,35.0,2024
Nicolas Batum,G,5.47,2.16,4.23,0.79,0.6,0.68,3.176470588235294,1.39,12.57,35.0,2024
Nicolas Batum,G,5.33,2.13,4.13,0.8,0.63,0.67,3.17910447761194,1.43,12.35,35.0,2024
Bradley Beal,G,15.27,3.08,3.83,1.21,0.29,1.95,1.5794871794871796,1.5,21.73,22.0,2015
Bradley Beal,G,17.42,2.95,3.42,0.98,0.2,2.04,1.446078431372549,1.18,22.93,23.0,2016
Bradley Beal,G,23.1,3.47,3.12,1.08,0.27,2.03,1.7093596059113303,1.35,29.01,24.0,2017
Bradley Beal,G,22.65,4.55,4.43,1.17,0.44,2.61,1.7432950191570882,1.61,30.63,25.0,2018
Bradley Beal,G,25.6,5.46,5.01,1.48,0.71,2.73,2.0,2.19,35.53,26.0,2019
Bradley Beal,G,30.54,6.09,4.25,1.25,0.4,3.4,1.7911764705882354,1.65,39.13,27.0,2020
Bradley Beal,G,31.3,4.42,4.72,1.15,0.37,3.12,1.4166666666666665,1.52,38.84,28.0,2021
Bradley Beal,G,23.2,6.62,4.72,0.9,0.38,3.38,1.9585798816568047,1.28,32.44,29.0,2022
Bradley Beal,G,23.2,5.42,3.92,0.9,0.66,2.9,1.8689655172413793,1.56,31.2,30.0,2023
Bradley Beal,G,18.19,5.0,4.38,0.98,0.51,2.47,2.0242914979757085,1.49,26.59,31.0,2024
Malik Beasley,G,3.77,0.5,0.77,0.32,0.0,0.36,1.3888888888888888,0.32,5.0,20.0,2017
Malik Beasley,G,3.16,0.5,1.15,0.24,0.11,0.39,1.282051282051282,0.35,4.77,21.0,2018
Malik Beasley,G,11.32,1.2,2.47,0.68,0.12,0.68,1.764705882352941,0.8,15.11,22.0,2019
Malik Beasley,G,7.93,1.17,1.88,0.76,0.15,0.88,1.3295454545454544,0.91,11.01,23.0,2020
Malik Beasley,G,20.71,1.93,5.07,0.64,0.14,1.5,1.2866666666666666,0.78,26.99,23.0,2020
Malik Beasley,G,11.18,1.36,2.69,0.73,0.15,1.04,1.3076923076923077,0.88,15.07,23.0,2020
Malik Beasley,G,19.57,2.38,4.38,0.81,0.19,1.62,1.4691358024691357,1.0,25.71,24.0,2021
Malik Beasley,G,12.06,1.47,2.87,0.54,0.15,0.54,2.722222222222222,0.69,16.55,25.0,2022
Malik Beasley,G,13.38,1.69,3.58,0.8,0.15,1.09,1.55045871559633,0.95,18.51,26.0,2023
Malik Beasley,G,11.12,1.19,3.31,0.81,0.04,1.15,1.0347826086956522,0.85,15.32,26.0,2023
Malik Beasley,G,12.65,1.53,3.49,0.8,0.11,1.11,1.3783783783783783,0.91,17.47,26.0,2023
Malik Beasley,G,11.25,1.37,3.67,0.75,0.11,0.68,2.014705882352941,0.86,16.47,27.0,2024
MarJon Beauchamp,F,5.12,0.67,2.21,0.4,0.13,0.87,0.7701149425287357,0.53,7.66,22.0,2023
MarJon Beauchamp,F,4.4,0.65,2.06,0.27,0.15,0.56,1.1607142857142856,0.42,6.97,23.0,2024
Saddiq Bey,G,12.24,1.36,4.54,0.74,0.2,0.86,1.5813953488372094,0.94,18.22,22.0,2021
Saddiq Bey,G,16.11,2.84,5.38,0.89,0.2,1.17,2.427350427350427,1.09,24.25,23.0,2022
Saddiq Bey,G,14.83,1.62,4.65,0.96,0.23,1.04,1.5576923076923077,1.19,21.25,24.0,2023
Saddiq Bey,G,11.64,1.36,4.8,0.8,0.04,0.68,2.0,0.84,17.96,24.0,2023
Saddiq Bey,G,13.79,1.53,4.7,0.91,0.17,0.92,1.6630434782608696,1.08,20.18,24.0,2023
Saddiq Bey,G,13.7,1.46,6.52,0.81,0.17,0.86,1.697674418604651,0.98,21.8,25.0,2024
Goga Bitadze,C,3.19,0.43,1.96,0.19,0.69,0.52,0.8269230769230769,0.88,5.94,20.0,2020
Goga Bitadze,C,5.13,0.82,3.33,0.2,1.33,0.38,2.1578947368421053,1.53,10.43,21.0,2021
Goga Bitadze,C,6.98,1.1,3.54,0.42,0.84,0.92,1.1956521739130435,1.26,11.96,22.0,2022
Goga Bitadze,C,3.29,0.86,2.33,0.43,0.48,0.57,1.5087719298245614,0.91,6.82,23.0,2023
Goga Bitadze,C,5.76,1.24,5.18,0.41,0.94,0.59,2.1016949152542375,1.35,12.94,23.0,2023
Goga Bitadze,C,4.39,1.03,3.61,0.42,0.68,0.58,1.7758620689655173,1.1,9.55,23.0,2023
Goga Bitadze,C,5.02,1.27,4.61,0.52,1.16,0.71,1.7887323943661972,1.68,11.87,24.0,2024
Bismack Biyombo,C,4.75,0.25,6.36,0.28,1.55,0.81,0.30864197530864196,1.83,12.38,22.0,2015
Bismack Biyombo,C,5.54,0.35,7.99,0.23,1.62,0.87,0.4022988505747126,1.85,14.86,23.0,2016
Bismack Biyombo,C,5.96,0.91,7.0,0.31,1.12,1.17,0.7777777777777779,1.43,14.13,24.0,2017
Bismack Biyombo,C,5.71,0.8,5.71,0.26,1.16,1.02,0.7843137254901961,1.42,12.62,25.0,2018
Bismack Biyombo,C,4.37,0.61,4.57,0.2,0.76,0.63,0.9682539682539683,0.96,9.88,26.0,2019
Bismack Biyombo,C,7.42,0.94,5.81,0.19,0.92,0.91,1.0329670329670328,1.11,14.37,27.0,2020
Bismack Biyombo,C,5.02,1.23,5.26,0.26,1.12,1.08,1.1388888888888888,1.38,11.81,28.0,2021
Bismack Biyombo,C,5.83,0.64,4.64,0.33,0.72,0.69,0.9275362318840581,1.05,11.47,29.0,2022
Bismack Biyombo,C,4.31,0.92,4.26,0.3,1.44,0.84,1.0952380952380953,1.74,10.39,30.0,2023
Bismack Biyombo,C,5.2,1.7,6.37,0.33,1.13,1.27,1.3385826771653542,1.46,13.46,31.0,2024
Bismack Biyombo,C,1.8,0.2,1.8,0.1,0.3,0.4,0.5,0.4,3.8,31.0,2024
Bismack Biyombo,C,4.35,1.32,5.22,0.28,0.92,1.05,1.2571428571428571,1.2,11.04,31.0,2024
Anthony Black,G,4.58,1.32,2.01,0.51,0.3,0.81,1.6296296296296295,0.81,7.91,20.0,2024
Bogdan Bogdanović,G,11.76,3.31,2.86,0.92,0.21,1.6,2.06875,1.13,17.46,25.0,2018
Bogdan Bogdanović,G,14.14,3.81,3.47,1.03,0.21,1.67,2.281437125748503,1.24,20.99,26.0,2019
Bogdan Bogdanović,G,15.15,3.39,3.39,1.05,0.25,1.67,2.029940119760479,1.3,21.56,27.0,2020
Bogdan Bogdanović,G,16.36,3.34,3.64,1.11,0.3,1.23,2.7154471544715446,1.41,23.52,28.0,2021
Bogdan Bogdanović,G,15.08,3.08,3.97,1.08,0.22,1.11,2.7747747747747744,1.3,22.32,29.0,2022
Bogdan Bogdanović,G,14.0,2.78,3.06,0.8,0.33,1.2,2.3166666666666664,1.13,19.77,30.0,2023
Bogdan Bogdanović,G,16.87,3.13,3.44,1.22,0.33,1.42,2.204225352112676,1.55,23.57,31.0,2024
Bol Bol,C,5.71,0.86,2.71,0.29,0.86,1.43,0.6013986013986015,1.15,9.0,20.0,2020
Bol Bol,C,2.16,0.22,0.75,0.09,0.31,0.41,0.5365853658536586,0.4,3.12,21.0,2021
Bol Bol,C,2.36,0.36,1.43,0.07,0.14,0.29,1.2413793103448276,0.21,4.07,22.0,2022
Bol Bol,C,9.06,0.99,5.79,0.43,1.21,1.6,0.6187499999999999,1.64,15.88,23.0,2023
Bol Bol,C,5.19,0.4,3.19,0.23,0.58,0.44,0.9090909090909092,0.81,9.15,24.0,2024
Devin Booker,G,13.79,2.63,2.46,0.58,0.26,2.11,1.2464454976303319,0.84,17.61,19.0,2016
Devin Booker,G,22.13,3.44,3.19,0.92,0.27,3.09,1.1132686084142396,1.19,26.86,20.0,2017
Devin Booker,G,24.93,4.69,4.52,0.87,0.26,3.59,1.306406685236769,1.13,31.68,21.0,2018
Devin Booker,G,26.56,6.77,4.14,0.88,0.2,4.12,1.6432038834951455,1.08,34.43,22.0,2019
Devin Booker,G,26.61,6.51,4.24,0.7,0.26,3.77,1.7267904509283818,0.96,34.55,23.0,2020
Devin Booker,G,25.55,4.31,4.19,0.79,0.24,3.09,1.3948220064724919,1.03,31.99,24.0,2021
Devin Booker,G,26.79,4.84,5.03,1.13,0.38,2.38,2.033613445378151,1.51,35.79,25.0,2022
Devin Booker,G,27.75,5.53,4.53,0.96,0.34,2.74,2.0182481751824817,1.3,36.37,26.0,2023
Devin Booker,G,27.07,6.94,4.53,0.9,0.41,2.62,2.648854961832061,1.31,37.23,27.0,2024
Brandon Boston,G,6.73,1.0,2.18,0.51,0.25,0.61,1.639344262295082,0.76,10.06,20.0,2022
Brandon Boston,G,6.5,0.91,1.36,0.41,0.0,0.55,1.6545454545454545,0.41,8.63,21.0,2023
Brandon Boston,G,5.22,0.41,1.62,0.34,0.25,0.75,0.5466666666666666,0.59,7.09,22.0,2024
Chris Boucher,F,0.0,0.0,1.0,0.0,0.0,0.0,0.0,0.0,1.0,25.0,2018
Chris Boucher,F,3.32,0.07,2.0,0.21,0.86,0.25,0.28,1.07,6.21,26.0,2019
Chris Boucher,F,6.63,0.42,4.47,0.35,0.98,0.45,0.9333333333333332,1.33,12.4,27.0,2020
Chris Boucher,F,13.63,1.05,6.73,0.58,1.85,0.77,1.3636363636363638,2.43,23.07,28.0,2021
Chris Boucher,F,9.43,0.31,6.18,0.61,0.94,0.52,0.5961538461538461,1.55,16.95,29.0,2022
Chris Boucher,F,9.37,0.38,5.54,0.62,0.84,0.54,0.7037037037037037,1.46,16.21,30.0,2023
Chris Boucher,F,6.44,0.46,4.14,0.28,0.48,0.56,0.8214285714285714,0.76,11.24,31.0,2024
Jamaree Bouyea,G,3.75,1.0,1.25,1.0,0.5,1.0,1.0,1.5,6.5,24.0,2023
Jamaree Bouyea,G,0.0,0.0,1.0,0.0,0.0,0.0,0.0,0.0,1.0,24.0,2023
Jamaree Bouyea,G,3.0,0.8,1.2,0.8,0.4,0.8,1.0,1.2,5.4,24.0,2023
Jamaree Bouyea,G,1.67,1.33,1.67,0.0,0.0,1.33,1.0,0.0,3.34,25.0,2024
Jamaree Bouyea,G,3.67,1.0,3.0,0.33,0.0,0.33,3.0303030303030303,0.33,7.67,25.0,2024
Jamaree Bouyea,G,2.33,1.22,2.11,0.11,0.0,1.0,1.22,0.11,4.77,25.0,2024
Tony Bradley,C,0.89,0.11,1.22,0.0,0.0,0.0,inf,0.0,2.22,20.0,2018
Tony Bradley,C,5.67,0.33,5.0,0.67,0.67,1.0,0.33,1.34,11.34,21.0,2019
Tony Bradley,C,4.91,0.4,4.6,0.24,0.57,0.52,0.7692307692307693,0.81,10.2,22.0,2020
Tony Bradley,C,5.45,0.85,5.2,0.3,0.65,0.3,2.8333333333333335,0.95,12.15,23.0,2021
Tony Bradley,C,8.68,0.91,6.14,0.41,0.77,1.23,0.7398373983739838,1.18,15.68,23.0,2021
Tony Bradley,C,7.14,0.88,5.69,0.36,0.71,0.79,1.1139240506329113,1.07,13.99,23.0,2021
Tony Bradley,C,2.96,0.49,3.38,0.18,0.6,0.62,0.7903225806451613,0.78,6.99,24.0,2022
Tony Bradley,C,1.58,0.08,0.92,0.08,0.08,0.08,1.0,0.16,2.66,25.0,2023
Malaki Branham,F,10.2,1.92,2.74,0.5,0.11,1.15,1.6695652173913045,0.61,14.32,20.0,2023
Malaki Branham,F,9.2,2.08,1.97,0.36,0.11,1.21,1.71900826446281,0.47,12.51,21.0,2024
Christian Braun,G,4.74,0.78,2.38,0.54,0.22,0.46,1.6956521739130435,0.76,8.2,22.0,2023
Christian Braun,G,7.32,1.61,3.73,0.51,0.43,0.67,2.4029850746268657,0.94,12.93,23.0,2024
Mikal Bridges,G,8.34,2.11,3.22,1.57,0.46,0.85,2.4823529411764707,2.03,14.85,22.0,2019
Mikal Bridges,G,9.14,1.77,4.0,1.4,0.63,1.0,1.77,2.03,15.94,23.0,2020
Mikal Bridges,G,13.47,2.11,4.29,1.06,0.88,0.79,2.6708860759493667,1.94,21.02,24.0,2021
Mikal Bridges,G,14.17,2.26,4.23,1.17,0.44,0.83,2.72289156626506,1.61,21.44,25.0,2022
Mikal Bridges,G,17.23,3.59,4.34,1.16,0.8,1.39,2.58273381294964,1.96,25.73,26.0,2023
Mikal Bridges,G,26.15,2.67,4.48,0.96,0.59,1.81,1.4751381215469612,1.55,33.04,26.0,2023
Mikal Bridges,G,20.13,3.29,4.39,1.1,0.73,1.53,2.150326797385621,1.83,28.11,26.0,2023
Mikal Bridges,G,19.59,3.65,4.54,0.99,0.37,2.0,1.825,1.36,27.14,27.0,2024
Miles Bridges,F,7.46,1.19,4.04,0.69,0.61,0.62,1.9193548387096773,1.3,13.37,21.0,2019
Miles Bridges,F,12.97,1.75,5.57,0.62,0.74,1.46,1.1986301369863015,1.36,20.19,22.0,2020
Miles Bridges,F,12.73,2.23,6.02,0.67,0.79,1.61,1.3850931677018632,1.46,20.83,23.0,2021
Miles Bridges,F,20.16,3.75,6.99,0.92,0.84,1.88,1.9946808510638299,1.76,30.78,24.0,2022
Miles Bridges,F,21.0,3.35,7.32,0.94,0.48,2.0,1.675,1.42,31.09,26.0,2024
Oshae Brissett,F,1.95,0.37,1.37,0.21,0.05,0.37,1.0,0.26,3.58,22.0,2020
Oshae Brissett,F,10.9,0.86,5.48,0.9,0.95,0.48,1.7916666666666667,1.85,18.61,23.0,2021
Oshae Brissett,F,9.15,1.07,5.34,0.66,0.43,0.81,1.3209876543209877,1.09,15.84,24.0,2022
Oshae Brissett,F,6.12,0.68,3.35,0.51,0.2,0.52,1.3076923076923077,0.71,10.34,25.0,2023
Oshae Brissett,F,3.65,0.8,2.91,0.35,0.15,0.36,2.2222222222222223,0.5,7.5,26.0,2024
Malcolm Brogdon,G,10.23,4.23,2.84,1.12,0.16,1.51,2.8013245033112586,1.28,17.07,24.0,2017
Malcolm Brogdon,G,13.02,3.17,3.25,0.85,0.27,1.38,2.2971014492753623,1.12,19.18,25.0,2018
Malcolm Brogdon,G,15.64,3.2,4.5,0.72,0.2,1.42,2.2535211267605635,0.92,22.84,26.0,2019
Malcolm Brogdon,G,16.54,7.06,4.85,0.65,0.19,2.43,2.9053497942386826,0.84,26.86,27.0,2020
Malcolm Brogdon,G,21.18,5.88,5.25,0.88,0.27,2.05,2.8682926829268296,1.15,31.41,28.0,2021
Malcolm Brogdon,G,19.08,5.89,5.14,0.83,0.39,2.14,2.7523364485981303,1.22,29.19,29.0,2022
Malcolm Brogdon,G,14.93,3.7,4.18,0.67,0.27,1.46,2.534246575342466,0.94,22.29,30.0,2023
Malcolm Brogdon,G,15.72,5.49,3.79,0.69,0.21,1.54,3.564935064935065,0.9,24.36,31.0,2024
Dillon Brooks,G,10.95,1.65,3.13,0.89,0.21,1.51,1.0927152317880795,1.1,15.32,22.0,2018
Dillon Brooks,G,7.5,0.89,1.72,0.56,0.22,1.06,0.8396226415094339,0.78,9.83,23.0,2019
Dillon Brooks,G,16.18,2.05,3.33,0.86,0.37,1.7,1.2058823529411764,1.23,21.09,24.0,2020
Dillon Brooks,G,17.18,2.34,2.93,1.16,0.39,1.78,1.3146067415730336,1.55,22.22,25.0,2021
Dillon Brooks,G,18.44,2.75,3.19,1.12,0.25,1.56,1.7628205128205128,1.37,24.19,26.0,2022
Dillon Brooks,G,14.34,2.59,3.34,0.89,0.22,1.42,1.823943661971831,1.11,19.96,27.0,2023
Dillon Brooks,G,12.71,1.65,3.42,0.89,0.14,1.22,1.3524590163934427,1.03,17.59,28.0,2024
Bruce Brown,G,4.31,1.23,2.5,0.54,0.49,0.62,1.9838709677419355,1.03,8.45,22.0,2019
Bruce Brown,G,8.91,3.97,4.72,1.09,0.5,1.72,2.308139534883721,1.59,17.47,23.0,2020
Bruce Brown,G,8.82,1.6,5.37,0.89,0.43,0.83,1.9277108433734942,1.32,16.28,24.0,2021
Bruce Brown,G,8.99,2.06,4.79,1.07,0.72,0.78,2.641025641025641,1.79,16.85,25.0,2022
Bruce Brown,G,11.54,3.35,4.1,1.09,0.64,1.54,2.1753246753246755,1.73,19.18,26.0,2023
Bruce Brown,G,12.06,3.03,4.67,1.06,0.24,1.24,2.443548387096774,1.3,19.82,27.0,2024
Bruce Brown,G,9.65,2.71,3.82,0.71,0.26,1.32,2.0530303030303028,0.97,15.83,27.0,2024
Bruce Brown,G,10.84,2.87,4.24,0.88,0.25,1.28,2.2421875,1.13,17.8,27.0,2024
Jaylen Brown,G,6.6,0.82,2.82,0.45,0.23,0.87,0.9425287356321839,0.68,10.05,20.0,2017
Jaylen Brown,G,14.53,1.63,4.94,1.0,0.37,1.77,0.9209039548022598,1.37,20.7,21.0,2018
Jaylen Brown,G,13.03,1.35,4.23,0.93,0.43,1.34,1.007462686567164,1.36,18.63,22.0,2019
Jaylen Brown,G,20.33,2.07,6.39,1.14,0.35,2.19,0.9452054794520548,1.49,28.09,23.0,2020
Jaylen Brown,G,24.66,3.36,5.98,1.24,0.55,2.72,1.2352941176470587,1.79,33.07,24.0,2021
Jaylen Brown,G,23.62,3.5,6.12,1.06,0.27,2.7,1.2962962962962963,1.33,31.87,25.0,2022
Jaylen Brown,G,26.63,3.46,6.85,1.12,0.39,2.94,1.1768707482993197,1.51,35.51,26.0,2023
Jaylen Brown,G,23.0,3.56,5.53,1.19,0.53,2.37,1.50210970464135,1.72,31.44,27.0,2024
Kobe Brown,F,2.02,0.57,1.41,0.27,0.14,0.2,2.8499999999999996,0.41,4.21,24.0,2024
Moses Brown,C,1.22,0.11,1.56,0.11,0.11,0.33,0.3333333333333333,0.22,2.78,20.0,2020
Moses Brown,C,8.6,0.23,8.91,0.72,1.09,1.0,0.23,1.81,18.55,21.0,2021
Moses Brown,C,3.12,0.04,2.35,0.12,0.35,0.54,0.07407407407407407,0.47,5.44,22.0,2022
Moses Brown,C,6.43,0.0,5.29,0.29,0.5,0.43,0.0,0.79,12.08,22.0,2022
Moses Brown,C,4.28,0.02,3.38,0.18,0.4,0.5,0.04,0.58,7.76,22.0,2022
Moses Brown,C,4.56,0.12,4.09,0.09,0.41,0.41,0.2926829268292683,0.5,8.86,23.0,2023
Moses Brown,C,0.0,0.0,0.0,0.5,0.0,0.5,0.0,0.5,0.0,23.0,2023
Moses Brown,C,4.31,0.11,3.86,0.11,0.39,0.42,0.2619047619047619,0.5,8.36,23.0,2023
Moses Brown,C,3.41,0.32,3.91,0.23,0.32,0.5,0.64,0.55,7.69,24.0,2024
Jalen Brunson,G,9.29,3.15,2.32,0.51,0.05,1.21,2.603305785123967,0.56,14.11,22.0,2019
Jalen Brunson,G,8.18,3.3,2.35,0.39,0.07,1.16,2.844827586206897,0.46,13.13,23.0,2020
Jalen Brunson,G,12.6,3.51,3.4,0.51,0.01,1.18,2.9745762711864407,0.52,18.85,24.0,2021
Jalen Brunson,G,16.27,4.77,3.91,0.84,0.04,1.57,3.0382165605095537,0.88,24.26,25.0,2022
Jalen Brunson,G,24.01,6.19,3.54,0.9,0.22,2.09,2.9617224880382778,1.12,32.77,26.0,2023
Jalen Brunson,G,28.73,6.74,3.61,0.91,0.17,2.42,2.785123966942149,1.08,37.74,27.0,2024
Thomas Bryant,C,1.47,0.4,1.13,0.07,0.13,0.13,3.076923076923077,0.2,3.07,20.0,2018
Thomas Bryant,C,10.53,1.28,6.31,0.35,0.93,0.83,1.5421686746987953,1.28,18.57,21.0,2019
Thomas Bryant,C,13.24,1.8,7.2,0.54,1.07,1.15,1.565217391304348,1.61,22.7,22.0,2020
Thomas Bryant,C,14.3,1.5,6.1,0.4,0.8,1.1,1.3636363636363635,1.2,22.0,23.0,2021
Thomas Bryant,C,7.44,0.85,4.0,0.22,0.78,0.7,1.2142857142857144,1.0,12.59,24.0,2022
Thomas Bryant,C,12.1,0.71,6.8,0.34,0.56,0.68,1.0441176470588234,0.9,19.83,25.0,2023
Thomas Bryant,C,4.61,0.11,3.33,0.11,0.39,0.56,0.19642857142857142,0.5,7.99,25.0,2023
Thomas Bryant,C,9.81,0.53,5.75,0.27,0.51,0.64,0.828125,0.78,16.23,25.0,2023
Thomas Bryant,C,5.71,0.61,3.71,0.26,0.42,0.55,1.109090909090909,0.68,10.16,26.0,2024
Kobe Bufkin,G,4.76,1.59,1.94,0.41,0.29,0.59,2.6949152542372885,0.7,8.4,20.0,2024
Alec Burks,G,13.85,3.04,4.22,0.63,0.19,1.93,1.5751295336787565,0.82,20.0,23.0,2015
Alec Burks,G,13.29,2.03,3.52,0.58,0.13,1.65,1.2303030303030302,0.71,17.9,24.0,2016
Alec Burks,G,6.74,0.71,2.86,0.43,0.12,0.83,0.8554216867469879,0.55,10.03,25.0,2017
Alec Burks,G,7.72,1.05,3.0,0.58,0.12,0.94,1.1170212765957448,0.7,11.53,26.0,2018
Alec Burks,G,8.41,1.18,1.59,0.35,0.24,0.88,1.3409090909090908,0.59,10.89,27.0,2019
Alec Burks,G,11.65,2.88,5.47,0.74,0.47,1.35,2.1333333333333333,1.21,19.86,27.0,2019
Alec Burks,G,1.69,0.77,1.69,0.62,0.08,0.31,2.4838709677419355,0.7,4.54,27.0,2019
Alec Burks,G,8.77,2.0,3.67,0.61,0.33,1.02,1.9607843137254901,0.94,14.36,27.0,2019
Alec Burks,G,16.1,3.15,4.71,1.04,0.35,1.58,1.9936708860759491,1.39,23.77,28.0,2020
Alec Burks,G,12.22,2.11,3.11,0.67,0.0,0.83,2.5421686746987953,0.67,17.28,28.0,2020
Alec Burks,G,15.05,2.86,4.27,0.94,0.26,1.38,2.072463768115942,1.2,22.0,28.0,2020
Alec Burks,G,12.71,2.18,4.63,0.63,0.29,1.0,2.18,0.92,19.44,29.0,2021
Alec Burks,G,11.65,2.95,4.9,1.05,0.32,1.12,2.633928571428571,1.37,19.75,30.0,2022
Alec Burks,G,12.78,2.24,3.1,0.75,0.16,1.14,1.9649122807017547,0.91,17.89,31.0,2023
Alec Burks,G,12.56,1.58,2.56,0.49,0.26,0.74,2.135135135135135,0.75,16.71,32.0,2024
Alec Burks,G,6.48,0.87,1.74,0.3,0.04,0.7,1.2428571428571429,0.34,8.73,32.0,2024
Alec Burks,G,10.44,1.33,2.27,0.42,0.18,0.73,1.8219178082191783,0.6,13.91,32.0,2024
Jared Butler,G,3.83,1.5,1.07,0.4,0.19,0.79,1.8987341772151898,0.59,6.2,21.0,2022
Jared Butler,G,6.17,1.33,0.67,0.83,0.0,0.83,1.602409638554217,0.83,8.17,22.0,2023
Jared Butler,G,6.28,3.15,1.45,0.72,0.2,1.25,2.52,0.92,10.55,23.0,2024
Jimmy Butler III,F,20.02,3.26,5.83,1.75,0.55,1.43,2.2797202797202796,2.3,29.98,25.0,2015
Jimmy Butler III,F,20.88,4.79,5.34,1.64,0.64,1.97,2.431472081218274,2.28,31.32,26.0,2016
Jimmy Butler III,F,23.89,5.49,6.18,1.88,0.42,2.09,2.6267942583732062,2.3,35.77,27.0,2017
Jimmy Butler III,F,22.15,4.88,5.32,1.97,0.41,1.83,2.6666666666666665,2.38,32.9,28.0,2018
Jimmy Butler III,F,21.3,4.3,5.2,2.4,1.0,1.4,3.0714285714285716,3.4,32.8,29.0,2019
Jimmy Butler III,F,18.22,4.0,5.27,1.8,0.53,1.47,2.7210884353741496,2.33,28.35,29.0,2019
Jimmy Butler III,F,18.69,4.05,5.26,1.89,0.6,1.46,2.773972602739726,2.49,29.03,29.0,2019
Jimmy Butler III,F,19.95,6.03,6.66,1.78,0.55,2.19,2.753424657534247,2.33,32.78,30.0,2020
Jimmy Butler III,F,21.46,7.1,6.9,2.08,0.35,2.1,3.3809523809523805,2.43,35.79,31.0,2021
Jimmy Butler III,F,21.39,5.47,5.89,1.65,0.47,2.12,2.580188679245283,2.12,32.75,32.0,2022
Jimmy Butler III,F,22.91,5.31,5.86,1.83,0.33,1.58,3.360759493670886,2.16,34.66,33.0,2023
Jimmy Butler III,F,20.77,4.97,5.3,1.32,0.28,1.7,2.9235294117647057,1.6,30.94,34.0,2024
Jamal Cain,F,5.44,0.67,2.89,0.61,0.06,0.33,2.0303030303030303,0.67,9.34,24.0,2023
Jamal Cain,F,3.73,0.38,1.42,0.38,0.19,0.31,1.2258064516129032,0.57,5.79,25.0,2024
Kentavious Caldwell-Pope,G,12.72,1.33,3.11,1.13,0.22,1.15,1.156521739130435,1.35,17.36,22.0,2015
Kentavious Caldwell-Pope,G,14.54,1.82,3.71,1.45,0.22,1.38,1.318840579710145,1.67,20.36,23.0,2016
Kentavious Caldwell-Pope,G,13.78,2.54,3.26,1.17,0.16,1.13,2.2477876106194694,1.33,19.78,24.0,2017
Kentavious Caldwell-Pope,G,13.41,2.19,5.23,1.43,0.22,1.31,1.6717557251908395,1.65,21.17,25.0,2018
Kentavious Caldwell-Pope,G,11.44,1.34,2.9,0.89,0.16,0.79,1.6962025316455696,1.05,15.94,26.0,2019
Kentavious Caldwell-Pope,G,9.35,1.61,2.06,0.83,0.2,0.9,1.788888888888889,1.03,13.15,27.0,2020
Kentavious Caldwell-Pope,G,9.75,1.9,2.67,0.93,0.39,0.99,1.9191919191919191,1.32,14.65,28.0,2021
Kentavious Caldwell-Pope,G,13.22,1.88,3.39,1.08,0.34,1.26,1.4920634920634919,1.42,18.65,29.0,2022
Kentavious Caldwell-Pope,G,10.82,2.41,2.74,1.47,0.46,1.13,2.132743362831859,1.93,16.77,30.0,2023
Kentavious Caldwell-Pope,G,10.08,2.41,2.41,1.29,0.55,0.99,2.4343434343434347,1.84,15.75,31.0,2024
Toumani Camara,F,7.53,1.24,4.9,0.94,0.47,1.2,1.0333333333333334,1.41,13.88,24.0,2024
Clint Capela,C,2.67,0.17,3.0,0.08,0.75,0.42,0.4047619047619048,0.83,6.25,21.0,2015
Clint Capela,C,7.04,0.61,6.42,0.77,1.19,0.78,0.782051282051282,1.96,15.25,22.0,2016
Clint Capela,C,12.58,0.97,8.09,0.52,1.22,1.34,0.7238805970149254,1.74,22.04,23.0,2017
Clint Capela,C,13.86,0.92,10.84,0.78,1.85,1.39,0.6618705035971224,2.63,26.86,24.0,2018
Clint Capela,C,16.63,1.43,12.66,0.66,1.52,1.4,1.0214285714285714,2.18,31.5,25.0,2019
Clint Capela,C,13.92,1.23,13.77,0.85,1.85,1.62,0.7592592592592592,2.7,30.0,26.0,2020
Clint Capela,C,15.17,0.78,14.33,0.7,2.05,1.16,0.6724137931034484,2.75,31.87,27.0,2021
Clint Capela,C,11.08,1.24,11.85,0.74,1.26,0.59,2.1016949152542375,2.0,25.58,28.0,2022
Clint Capela,C,11.98,0.89,11.03,0.69,1.22,0.83,1.072289156626506,1.91,24.98,29.0,2023
Clint Capela,C,11.45,1.25,10.63,0.59,1.45,1.01,1.2376237623762376,2.04,24.36,30.0,2024
Jevon Carter,G,4.41,1.77,1.69,0.67,0.28,0.85,2.0823529411764707,0.95,7.97,23.0,2019
Jevon Carter,G,4.95,1.45,2.03,0.81,0.29,0.55,2.6363636363636362,1.1,8.98,24.0,2020
Jevon Carter,G,4.13,1.18,1.53,0.48,0.15,0.27,4.37037037037037,0.63,7.2,25.0,2021
Jevon Carter,G,3.59,1.0,1.46,0.3,0.22,0.57,1.7543859649122808,0.52,6.0,26.0,2022
Jevon Carter,G,5.6,2.5,2.15,0.5,0.2,0.4,6.25,0.7,10.55,26.0,2022
Jevon Carter,G,4.2,1.45,1.67,0.36,0.21,0.52,2.7884615384615383,0.57,7.37,26.0,2022
Jevon Carter,G,8.04,2.43,2.49,0.81,0.36,0.96,2.5312500000000004,1.17,13.17,27.0,2023
Jevon Carter,G,4.96,1.31,0.83,0.51,0.22,0.5,2.62,0.73,7.33,28.0,2024
Wendell Carter Jr.,C,10.34,1.77,6.98,0.59,1.32,1.48,1.195945945945946,1.91,19.52,20.0,2019
Wendell Carter Jr.,C,11.26,1.19,9.42,0.77,0.84,1.67,0.7125748502994012,1.61,21.81,21.0,2020
Wendell Carter Jr.,C,10.88,2.16,7.81,0.56,0.75,1.53,1.411764705882353,1.31,20.63,22.0,2021
Wendell Carter Jr.,C,11.73,1.59,8.77,0.77,0.82,1.32,1.2045454545454546,1.59,22.36,22.0,2021
Wendell Carter Jr.,C,11.22,1.93,8.2,0.65,0.78,1.44,1.3402777777777777,1.43,21.34,22.0,2021
Wendell Carter Jr.,C,15.02,2.76,10.45,0.58,0.69,1.89,1.4603174603174602,1.27,27.61,23.0,2022
Wendell Carter Jr.,C,15.23,2.32,8.72,0.53,0.58,1.86,1.247311827956989,1.11,25.52,24.0,2023
Wendell Carter Jr.,C,10.96,1.73,6.93,0.64,0.51,1.24,1.3951612903225807,1.15,19.53,25.0,2024
D.J. Carton,G,2.75,0.75,1.0,0.25,0.0,0.25,3.0,0.25,4.5,23.0,2024
Alex Caruso,G,3.62,2.03,1.76,0.62,0.27,1.14,1.780701754385965,0.89,7.16,24.0,2018
Alex Caruso,G,9.16,3.08,2.68,0.96,0.36,1.68,1.8333333333333335,1.32,14.56,25.0,2019
Alex Caruso,G,5.45,1.94,1.92,1.09,0.28,0.83,2.3373493975903616,1.37,9.85,26.0,2020
Alex Caruso,G,6.38,2.76,2.93,1.1,0.26,1.31,2.1068702290076335,1.36,12.12,27.0,2021
Alex Caruso,G,7.41,4.02,3.61,1.73,0.37,1.39,2.8920863309352516,2.1,15.75,28.0,2022
Alex Caruso,G,5.58,2.88,2.93,1.46,0.69,1.15,2.5043478260869567,2.15,12.39,29.0,2023
Alex Caruso,G,10.07,3.48,3.85,1.69,0.99,1.44,2.416666666666667,2.68,18.64,30.0,2024
Colin Castleton,C,1.5,0.19,0.75,0.12,0.0,0.19,1.0,0.12,2.37,24.0,2024
Julian Champagnie,F,0.0,0.0,0.0,0.5,0.0,0.0,0.0,0.5,0.5,22.0,2023
Julian Champagnie,F,11.0,0.67,4.0,0.33,0.33,0.73,0.9178082191780823,0.66,15.6,22.0,2023
Julian Champagnie,F,9.71,0.59,3.53,0.35,0.29,0.65,0.9076923076923076,0.64,13.82,22.0,2023
Julian Champagnie,F,6.81,1.39,2.78,0.65,0.57,0.77,1.805194805194805,1.22,11.43,23.0,2024
Justin Champagnie,G,2.25,0.31,2.0,0.22,0.11,0.22,1.4090909090909092,0.33,4.67,21.0,2022
Justin Champagnie,G,2.0,0.33,1.33,0.0,0.0,0.0,inf,0.0,3.66,22.0,2023
Justin Champagnie,G,2.5,1.5,2.0,0.5,0.0,0.0,inf,0.5,6.5,22.0,2023
Justin Champagnie,G,2.2,0.8,1.6,0.2,0.0,0.0,inf,0.2,4.8,22.0,2023
Justin Champagnie,G,5.93,1.27,3.53,0.67,0.6,0.67,1.8955223880597014,1.27,11.33,23.0,2024
Max Christie,G,3.12,0.51,1.83,0.22,0.17,0.32,1.59375,0.39,5.53,20.0,2023
Max Christie,G,4.24,0.9,2.12,0.3,0.25,0.52,1.7307692307692308,0.55,7.29,21.0,2024
Josh Christopher,G,7.93,2.03,2.51,0.88,0.18,1.54,1.3181818181818181,1.06,11.99,20.0,2022
Josh Christopher,G,5.81,1.14,1.11,0.52,0.23,0.94,1.2127659574468084,0.75,7.87,21.0,2023
Sidy Cissoko,G,3.75,0.83,1.83,0.58,0.25,0.25,3.32,0.83,6.99,20.0,2024
Brandon Clarke,F,12.07,1.4,5.95,0.55,0.83,0.95,1.4736842105263157,1.38,19.85,23.0,2020
Brandon Clarke,F,10.34,1.61,5.56,1.02,0.86,0.56,2.875,1.88,18.83,24.0,2021
Brandon Clarke,F,10.41,1.34,5.34,0.61,1.06,0.53,2.5283018867924527,1.67,18.23,25.0,2022
Brandon Clarke,F,9.96,1.29,5.54,0.61,0.66,0.98,1.316326530612245,1.27,17.08,26.0,2023
Brandon Clarke,F,11.33,1.5,5.33,0.83,1.0,0.5,3.0,1.83,19.49,27.0,2024
Jordan Clarkson,G,11.92,3.49,3.24,0.86,0.2,1.63,2.1411042944785277,1.06,18.08,23.0,2015
Jordan Clarkson,G,15.51,2.43,3.96,1.11,0.09,1.71,1.4210526315789476,1.2,21.39,24.0,2016
Jordan Clarkson,G,14.7,2.6,3.0,1.07,0.1,2.0,1.3,1.17,19.47,25.0,2017
Jordan Clarkson,G,14.55,3.26,3.0,0.74,0.06,1.79,1.8212290502793294,0.8,19.82,26.0,2018
Jordan Clarkson,G,12.61,1.71,2.07,0.68,0.11,1.14,1.5,0.79,16.04,26.0,2018
Jordan Clarkson,G,13.88,2.73,2.68,0.72,0.07,1.57,1.7388535031847132,0.79,18.51,26.0,2018
Jordan Clarkson,G,16.84,2.42,3.33,0.7,0.16,1.67,1.4491017964071857,0.86,21.78,27.0,2019
Jordan Clarkson,G,14.59,2.41,2.38,0.59,0.28,1.34,1.7985074626865671,0.87,18.91,28.0,2020
Jordan Clarkson,G,15.6,1.57,2.81,0.69,0.19,1.38,1.13768115942029,0.88,19.48,28.0,2020
Jordan Clarkson,G,15.18,1.92,2.63,0.65,0.23,1.37,1.4014598540145984,0.88,19.24,28.0,2020
Jordan Clarkson,G,18.4,2.47,4.03,0.9,0.15,1.69,1.4615384615384617,1.05,24.26,29.0,2021
Jordan Clarkson,G,16.03,2.46,3.46,0.84,0.2,1.63,1.5092024539877302,1.04,21.36,30.0,2022
Jordan Clarkson,G,20.84,4.43,4.03,0.54,0.21,3.05,1.4524590163934425,0.75,27.0,31.0,2023
Jordan Clarkson,G,17.13,5.04,3.42,0.64,0.11,2.65,1.9018867924528302,0.75,23.69,32.0,2024
Nic Claxton,C,4.4,1.07,2.93,0.07,0.53,0.6,1.7833333333333334,0.6,8.4,21.0,2020
Nic Claxton,C,6.62,0.88,5.19,0.72,1.25,0.56,1.5714285714285714,1.97,14.1,22.0,2021
Nic Claxton,C,8.72,0.91,5.62,0.51,1.09,0.81,1.1234567901234567,1.6,16.04,23.0,2022
Nic Claxton,C,12.64,1.89,9.24,0.86,2.49,1.26,1.5,3.35,25.86,24.0,2023
Nic Claxton,C,11.85,2.07,9.94,0.65,2.06,1.31,1.580152671755725,2.71,25.26,25.0,2024
Noah Clowney,F,5.78,0.78,3.52,0.35,0.7,0.65,1.2,1.05,10.48,19.0,2024
Amir Coffey,G,3.22,0.78,0.89,0.28,0.11,0.44,1.7727272727272727,0.39,4.84,23.0,2020
Amir Coffey,G,3.18,0.5,1.0,0.23,0.0,0.34,1.4705882352941175,0.23,4.57,24.0,2021
Amir Coffey,G,8.97,1.8,2.86,0.55,0.22,0.65,2.769230769230769,0.77,13.75,25.0,2022
Amir Coffey,G,3.44,1.06,1.06,0.14,0.1,0.42,2.523809523809524,0.24,5.38,26.0,2023
Amir Coffey,G,6.61,1.09,2.11,0.59,0.2,0.47,2.319148936170213,0.79,10.13,27.0,2024
John Collins,F,10.5,1.32,7.31,0.64,1.08,1.42,0.9295774647887325,1.72,19.43,20.0,2018
John Collins,F,19.48,1.98,9.75,0.36,0.64,1.97,1.0050761421319796,1.0,30.24,21.0,2019
John Collins,F,21.59,1.46,10.15,0.76,1.61,1.83,0.7978142076502732,2.37,33.74,22.0,2020
John Collins,F,17.63,1.24,7.41,0.54,1.0,1.33,0.9323308270676691,1.54,26.49,23.0,2021
John Collins,F,16.22,1.81,7.81,0.61,1.04,1.11,1.6306306306306306,1.65,26.38,24.0,2022
John Collins,F,13.11,1.2,6.51,0.59,1.03,1.11,1.081081081081081,1.62,21.33,25.0,2023
John Collins,F,15.1,1.13,8.46,0.59,0.9,1.44,0.7847222222222222,1.49,24.74,26.0,2024
Zach Collins,F,4.42,0.79,3.35,0.26,0.47,0.88,0.8977272727272728,0.73,8.41,20.0,2018
Zach Collins,F,6.65,0.92,4.21,0.32,0.86,1.0,0.92,1.18,11.96,21.0,2019
Zach Collins,F,7.0,1.45,6.27,0.45,0.45,1.27,1.141732283464567,0.9,14.35,22.0,2020
Zach Collins,F,7.79,2.18,5.46,0.46,0.82,1.61,1.3540372670807455,1.28,15.1,24.0,2022
Zach Collins,F,11.6,2.86,6.38,0.59,0.78,2.05,1.3951219512195123,1.37,20.16,25.0,2023
Zach Collins,F,11.25,2.81,5.36,0.49,0.75,1.91,1.4712041884816756,1.24,18.75,26.0,2024
Mike Conley,G,15.81,5.36,2.99,1.27,0.2,2.23,2.4035874439461886,1.47,23.4,27.0,2015
Mike Conley,G,15.3,6.11,2.93,1.2,0.29,1.5,4.073333333333333,1.49,24.33,28.0,2016
Mike Conley,G,20.51,6.28,3.49,1.33,0.28,2.26,2.778761061946903,1.61,29.63,29.0,2017
Mike Conley,G,17.08,4.08,2.25,1.0,0.25,1.5,2.72,1.25,23.16,30.0,2018
Mike Conley,G,21.11,6.41,3.41,1.34,0.31,1.86,3.446236559139785,1.65,30.72,31.0,2019
Mike Conley,G,14.36,4.43,3.21,0.77,0.11,1.96,2.260204081632653,0.88,20.92,32.0,2020
Mike Conley,G,16.22,5.98,3.47,1.37,0.18,1.94,3.082474226804124,1.55,25.28,33.0,2021
Mike Conley,G,13.69,5.35,3.01,1.33,0.29,1.71,3.1286549707602336,1.62,21.96,34.0,2022
Mike Conley,G,10.72,7.67,2.49,1.02,0.23,1.72,4.459302325581396,1.25,20.41,35.0,2023
Mike Conley,G,14.04,5.0,3.12,1.21,0.17,1.21,4.132231404958678,1.38,22.33,35.0,2023
Mike Conley,G,11.91,6.72,2.72,1.09,0.21,1.54,4.363636363636363,1.3,21.11,35.0,2023
Mike Conley,G,11.43,5.91,2.87,1.16,0.22,1.34,4.41044776119403,1.38,20.25,36.0,2024
Pat Connaughton,G,1.06,0.29,0.94,0.06,0.0,0.29,1.0,0.06,2.06,23.0,2016
Pat Connaughton,G,2.51,0.72,1.33,0.15,0.05,0.44,1.6363636363636362,0.2,4.32,24.0,2017
Pat Connaughton,G,5.38,1.11,1.96,0.28,0.27,0.52,2.1346153846153846,0.55,8.48,25.0,2018
Pat Connaughton,G,6.9,2.0,4.23,0.54,0.41,0.54,3.7037037037037033,0.95,13.54,26.0,2019
Pat Connaughton,G,5.37,1.6,4.24,0.37,0.46,0.78,2.0512820512820515,0.83,11.26,27.0,2020
Pat Connaughton,G,6.78,1.17,4.81,0.71,0.33,0.48,2.4375,1.04,13.32,28.0,2021
Pat Connaughton,G,9.92,1.26,4.2,0.91,0.23,0.54,2.333333333333333,1.14,15.98,29.0,2022
Pat Connaughton,G,7.64,1.26,4.64,0.61,0.18,0.54,2.333333333333333,0.79,13.79,30.0,2023
Pat Connaughton,G,5.63,2.12,3.14,0.53,0.25,0.64,3.3125,0.78,11.03,31.0,2024
Bilal Coulibaly,G,8.44,1.75,4.06,0.9,0.76,1.38,1.2681159420289856,1.66,14.53,19.0,2024
Ricky Council IV,G,5.41,0.5,1.44,0.25,0.03,0.16,3.125,0.28,7.47,22.0,2024
Torrey Craig,F,4.18,0.64,3.26,0.31,0.38,0.51,1.2549019607843137,0.69,8.26,27.0,2018
Torrey Craig,F,5.73,0.96,3.51,0.49,0.61,0.59,1.6271186440677967,1.1,10.71,28.0,2019
Torrey Craig,F,5.43,0.81,3.26,0.4,0.62,0.43,1.8837209302325584,1.02,10.09,29.0,2020
Torrey Craig,F,2.5,0.89,2.39,0.5,0.39,0.28,3.1785714285714284,0.89,6.39,30.0,2021
Torrey Craig,F,7.16,1.03,4.81,0.59,0.62,0.62,1.6612903225806452,1.21,13.59,30.0,2021
Torrey Craig,F,5.48,0.98,3.94,0.56,0.54,0.5,1.96,1.1,11.0,30.0,2021
Torrey Craig,F,6.45,1.14,3.82,0.47,0.37,0.76,1.4999999999999998,0.84,11.49,31.0,2022
Torrey Craig,F,6.93,1.22,4.26,0.81,0.63,1.04,1.173076923076923,1.44,12.81,31.0,2022
Torrey Craig,F,6.62,1.17,3.97,0.59,0.46,0.86,1.3604651162790697,1.05,11.95,31.0,2022
Torrey Craig,F,7.44,1.48,5.39,0.63,0.78,0.92,1.6086956521739129,1.41,14.8,32.0,2023
Torrey Craig,F,5.72,1.09,4.09,0.57,0.4,0.6,1.8166666666666669,0.97,11.27,33.0,2024
Jae Crowder,F,3.56,0.48,1.16,0.6,0.2,0.4,1.2,0.8,5.6,24.0,2015
Jae Crowder,F,9.46,1.44,4.63,1.0,0.35,0.68,2.117647058823529,1.35,16.2,24.0,2015
Jae Crowder,F,7.66,1.15,3.57,0.88,0.3,0.6,1.9166666666666665,1.18,12.96,24.0,2015
Jae Crowder,F,14.22,1.85,5.11,1.73,0.48,1.14,1.6228070175438598,2.21,22.25,25.0,2016
Jae Crowder,F,13.88,2.15,5.76,1.01,0.32,1.11,1.9369369369369367,1.33,22.01,26.0,2017
Jae Crowder,F,8.57,1.09,3.26,0.77,0.23,0.79,1.379746835443038,1.0,13.13,27.0,2018
Jae Crowder,F,11.81,1.52,3.78,0.85,0.33,1.19,1.277310924369748,1.18,17.1,27.0,2018
Jae Crowder,F,9.66,1.24,3.44,0.8,0.26,0.92,1.3478260869565217,1.06,14.48,27.0,2018
Jae Crowder,F,11.89,1.66,4.8,0.8,0.39,1.06,1.5660377358490565,1.19,18.48,28.0,2019
Jae Crowder,F,9.93,2.78,6.16,1.04,0.31,1.2,2.3166666666666664,1.35,19.02,29.0,2020
Jae Crowder,F,11.85,1.8,5.35,1.25,0.5,0.75,2.4,1.75,20.0,29.0,2020
Jae Crowder,F,10.52,2.48,5.91,1.11,0.37,1.06,2.339622641509434,1.48,19.33,29.0,2020
Jae Crowder,F,10.05,2.12,4.7,0.8,0.45,0.92,2.3043478260869565,1.25,17.2,30.0,2021
Jae Crowder,F,9.43,1.85,5.28,1.42,0.45,0.82,2.25609756097561,1.87,17.61,31.0,2022
Jae Crowder,F,6.89,1.5,3.83,0.67,0.33,0.39,3.846153846153846,1.0,12.83,32.0,2023
Jae Crowder,F,6.24,1.32,3.22,0.76,0.18,0.46,2.869565217391304,0.94,11.26,33.0,2024
Cade Cunningham,G,17.41,5.56,5.53,1.22,0.67,3.66,1.5191256830601092,1.89,26.73,20.0,2022
Cade Cunningham,G,19.92,6.0,6.17,0.83,0.58,3.25,1.8461538461538463,1.41,30.25,21.0,2023
Cade Cunningham,G,22.66,7.48,4.32,0.9,0.35,3.42,2.1871345029239766,1.25,32.29,22.0,2024
Seth Curry,G,0.0,0.5,1.0,0.0,0.0,0.0,inf,0.0,1.5,24.0,2015
Seth Curry,G,6.8,1.52,1.36,0.5,0.07,0.82,1.853658536585366,0.57,9.43,25.0,2016
Seth Curry,G,12.83,2.7,2.56,1.13,0.1,1.31,2.0610687022900764,1.23,18.01,26.0,2017
Seth Curry,G,7.85,0.89,1.62,0.49,0.16,0.82,1.0853658536585367,0.65,10.19,28.0,2019
Seth Curry,G,12.39,1.94,2.27,0.59,0.14,0.97,2.0,0.73,16.36,29.0,2020
Seth Curry,G,12.47,2.72,2.39,0.77,0.14,1.14,2.385964912280702,0.91,17.35,30.0,2021
Seth Curry,G,15.02,4.02,3.36,0.8,0.24,1.87,2.1497326203208553,1.04,21.57,31.0,2022
Seth Curry,G,14.95,2.58,2.58,0.89,0.16,1.32,1.9545454545454546,1.05,19.84,31.0,2022
Seth Curry,G,15.0,3.59,3.12,0.83,0.22,1.7,2.111764705882353,1.05,21.06,31.0,2022
Seth Curry,G,9.2,1.62,1.64,0.59,0.11,0.84,1.9285714285714288,0.7,12.32,32.0,2023
Seth Curry,G,4.28,0.83,1.44,0.47,0.08,0.44,1.8863636363636362,0.55,6.66,33.0,2024
Seth Curry,G,9.0,1.75,2.0,0.62,0.38,0.62,2.8225806451612905,1.0,13.13,33.0,2024
Seth Curry,G,5.14,1.0,1.55,0.5,0.14,0.48,2.0833333333333335,0.64,7.85,33.0,2024
Stephen Curry,G,23.75,7.74,4.26,2.04,0.2,3.11,2.4887459807073955,2.24,34.88,27.0,2015
Stephen Curry,G,30.06,6.67,5.44,2.14,0.19,3.32,2.0090361445783134,2.33,41.18,28.0,2016
Stephen Curry,G,25.3,6.63,4.47,1.8,0.22,3.03,2.1881188118811883,2.02,35.39,29.0,2017
Stephen Curry,G,26.39,6.08,5.12,1.57,0.16,3.0,2.026666666666667,1.73,36.32,30.0,2018
Stephen Curry,G,27.26,5.23,5.35,1.33,0.36,2.78,1.8812949640287773,1.69,36.75,31.0,2019
Stephen Curry,G,20.8,6.6,5.2,1.0,0.4,3.2,2.0624999999999996,1.4,30.8,32.0,2020
Stephen Curry,G,31.98,5.76,5.48,1.22,0.13,3.38,1.7041420118343196,1.35,41.19,33.0,2021
Stephen Curry,G,25.47,6.31,5.23,1.33,0.36,3.22,1.9596273291925463,1.69,35.48,34.0,2022
Stephen Curry,G,29.43,6.29,6.09,0.93,0.36,3.2,1.965625,1.29,39.9,35.0,2023
Stephen Curry,G,26.43,5.12,4.46,0.73,0.38,2.84,1.8028169014084507,1.11,34.28,36.0,2024
Dyson Daniels,G,3.85,2.27,3.19,0.73,0.19,0.97,2.3402061855670104,0.92,9.26,20.0,2023
Dyson Daniels,G,5.8,2.69,3.87,1.39,0.41,0.97,2.7731958762886597,1.8,13.19,21.0,2024
Anthony Davis,F,24.35,2.19,10.24,1.47,2.94,1.4,1.5642857142857143,4.41,39.79,22.0,2015
Anthony Davis,F,24.28,1.9,10.28,1.28,2.05,1.98,0.9595959595959596,3.33,37.81,23.0,2016
Anthony Davis,F,27.99,2.09,11.79,1.25,2.23,2.41,0.867219917012448,3.48,42.94,24.0,2017
Anthony Davis,F,28.13,2.32,11.08,1.53,2.57,2.16,1.074074074074074,4.1,43.47,25.0,2018
Anthony Davis,F,25.93,3.89,12.0,1.57,2.41,2.0,1.945,3.98,43.8,26.0,2019
Anthony Davis,F,26.1,3.23,9.31,1.47,2.31,2.48,1.3024193548387097,3.78,39.94,27.0,2020
Anthony Davis,F,21.83,3.06,7.94,1.25,1.64,2.06,1.4854368932038835,2.89,33.66,28.0,2021
Anthony Davis,F,23.18,3.05,9.85,1.23,2.25,2.05,1.4878048780487805,3.48,37.51,29.0,2022
Anthony Davis,F,25.91,2.64,12.54,1.05,2.04,2.18,1.2110091743119267,3.09,42.0,30.0,2023
Anthony Davis,F,24.68,3.5,12.64,1.2,2.34,2.09,1.674641148325359,3.54,42.27,31.0,2024
Johnny Davis,G,5.82,1.0,2.32,0.36,0.29,0.61,1.639344262295082,0.65,9.18,21.0,2023
Johnny Davis,G,3.04,0.64,1.44,0.36,0.2,0.26,2.4615384615384617,0.56,5.42,22.0,2024
JD Davison,G,1.58,0.92,0.75,0.17,0.17,0.33,2.787878787878788,0.34,3.26,20.0,2023
JD Davison,G,2.0,1.25,1.25,0.12,0.12,0.25,5.0,0.24,4.49,21.0,2024
DeMar DeRozan,G,20.07,3.5,4.62,1.22,0.18,2.28,1.5350877192982457,1.4,27.31,25.0,2015
DeMar DeRozan,G,23.46,4.04,4.47,1.04,0.27,2.24,1.8035714285714284,1.31,31.04,26.0,2016
DeMar DeRozan,G,27.3,3.92,5.22,1.05,0.18,2.43,1.6131687242798352,1.23,35.24,27.0,2017
DeMar DeRozan,G,23.0,5.21,3.94,1.06,0.28,2.19,2.3789954337899544,1.34,31.3,28.0,2018
DeMar DeRozan,G,21.23,6.17,6.0,1.12,0.47,2.58,2.391472868217054,1.59,32.41,29.0,2019
DeMar DeRozan,G,22.12,5.59,5.51,1.03,0.29,2.41,2.3195020746887964,1.32,32.13,30.0,2020
DeMar DeRozan,G,21.57,6.92,4.25,0.92,0.25,1.95,3.5487179487179485,1.17,31.96,31.0,2021
DeMar DeRozan,G,27.87,4.92,5.16,0.89,0.32,2.38,2.0672268907563027,1.21,36.78,32.0,2022
DeMar DeRozan,G,24.54,5.09,4.64,1.12,0.49,2.07,2.458937198067633,1.61,33.81,33.0,2023
DeMar DeRozan,G,24.01,5.33,4.3,1.14,0.57,1.71,3.1169590643274856,1.71,33.64,34.0,2024
Donte DiVincenzo,G,4.85,1.15,2.41,0.48,0.22,0.7,1.6428571428571428,0.7,8.41,22.0,2019
Donte DiVincenzo,G,9.24,2.33,4.82,1.29,0.3,1.36,1.713235294117647,1.59,16.62,23.0,2020
Donte DiVincenzo,G,10.42,3.08,5.76,1.09,0.23,1.38,2.2318840579710146,1.32,19.2,24.0,2021
Donte DiVincenzo,G,7.18,1.71,3.53,0.65,0.18,1.65,1.0363636363636364,0.83,11.6,25.0,2022
Donte DiVincenzo,G,10.32,3.56,4.4,1.48,0.2,1.76,2.022727272727273,1.68,18.2,25.0,2022
Donte DiVincenzo,G,9.05,2.81,4.05,1.14,0.19,1.71,1.6432748538011697,1.33,15.53,25.0,2022
Donte DiVincenzo,G,9.42,3.5,4.51,1.35,0.14,1.56,2.2435897435897436,1.49,17.36,26.0,2023
Donte DiVincenzo,G,15.54,2.67,3.67,1.32,0.44,1.4,1.9071428571428573,1.76,22.24,27.0,2024
Moussa Diabaté,F,2.68,0.18,2.27,0.32,0.36,0.41,0.43902439024390244,0.68,5.4,21.0,2023
Moussa Diabaté,F,2.64,0.36,2.18,0.45,0.09,0.18,2.0,0.54,5.54,22.0,2024
Gradey Dick,G,8.5,1.13,2.2,0.57,0.03,0.83,1.36144578313253,0.6,11.6,20.0,2024
Ousmane Dieng,F,4.95,1.18,2.69,0.36,0.18,0.67,1.761194029850746,0.54,8.69,20.0,2023
Ousmane Dieng,F,4.03,1.12,1.55,0.24,0.15,0.58,1.931034482758621,0.39,6.51,21.0,2024
Spencer Dinwiddie,G,4.26,3.06,1.41,0.56,0.18,0.97,3.1546391752577323,0.74,8.5,22.0,2015
Spencer Dinwiddie,G,4.83,1.83,1.42,0.25,0.0,0.58,3.1551724137931036,0.25,7.75,23.0,2016
Spencer Dinwiddie,G,7.32,3.14,2.78,0.75,0.39,1.12,2.8035714285714284,1.14,13.26,24.0,2017
Spencer Dinwiddie,G,12.59,6.55,3.24,0.85,0.29,1.6,4.09375,1.14,21.92,25.0,2018
Spencer Dinwiddie,G,16.81,4.57,2.44,0.59,0.25,2.24,2.040178571428571,0.84,22.42,26.0,2019
Spencer Dinwiddie,G,20.59,6.75,3.45,0.62,0.33,2.72,2.4816176470588234,0.95,29.02,27.0,2020
Spencer Dinwiddie,G,6.67,3.0,4.33,0.67,0.33,1.67,1.7964071856287427,1.0,13.33,28.0,2021
Spencer Dinwiddie,G,12.64,5.82,4.7,0.61,0.16,1.66,3.5060240963855427,0.77,22.27,29.0,2022
Spencer Dinwiddie,G,15.78,3.91,3.13,0.74,0.26,1.35,2.8962962962962964,1.0,22.47,29.0,2022
Spencer Dinwiddie,G,13.72,5.16,4.16,0.66,0.19,1.55,3.329032258064516,0.85,22.34,29.0,2022
Spencer Dinwiddie,G,17.74,5.26,3.08,0.74,0.3,1.7,3.0941176470588236,1.04,25.42,30.0,2023
Spencer Dinwiddie,G,16.5,9.08,4.12,1.08,0.31,2.12,4.283018867924528,1.39,28.97,30.0,2023
Spencer Dinwiddie,G,17.33,6.52,3.42,0.85,0.3,1.84,3.543478260869565,1.15,26.58,30.0,2023
Spencer Dinwiddie,G,12.58,6.0,3.29,0.79,0.19,1.29,4.651162790697675,0.98,21.56,31.0,2024
Spencer Dinwiddie,G,6.82,2.43,1.68,0.46,0.46,1.04,2.3365384615384617,0.92,10.81,31.0,2024
Spencer Dinwiddie,G,10.46,4.68,2.7,0.67,0.29,1.2,3.9,0.96,17.6,31.0,2024
Luka Dončić,F,21.19,5.96,7.82,1.07,0.35,3.43,1.737609329446064,1.42,32.96,20.0,2019
Luka Dončić,F,28.84,8.82,9.39,1.02,0.23,4.26,2.070422535211268,1.25,44.04,21.0,2020
Luka Dončić,F,27.73,8.59,7.98,0.97,0.55,4.26,2.016431924882629,1.52,41.56,22.0,2021
Luka Dončić,F,28.42,8.74,9.12,1.15,0.55,4.49,1.9465478841870825,1.7,43.49,23.0,2022
Luka Dončić,F,32.39,8.02,8.62,1.36,0.5,3.58,2.2402234636871508,1.86,47.31,24.0,2023
Luka Dončić,F,33.86,9.8,9.24,1.41,0.54,4.03,2.431761786600496,1.95,50.82,25.0,2024
Luguentz Dort,G,6.78,0.75,2.25,0.86,0.11,0.61,1.2295081967213115,0.97,10.14,21.0,2020
Luguentz Dort,G,14.02,1.69,3.63,0.87,0.37,1.52,1.1118421052631577,1.24,19.06,22.0,2021
Luguentz Dort,G,17.2,1.73,4.16,0.9,0.35,1.73,1.0,1.25,22.61,23.0,2022
Luguentz Dort,G,13.69,2.08,4.65,1.01,0.31,1.24,1.6774193548387097,1.32,20.5,24.0,2023
Luguentz Dort,G,10.89,1.43,3.59,0.91,0.59,0.94,1.5212765957446808,1.5,16.47,25.0,2024
Ayo Dosunmu,G,8.82,3.32,2.78,0.78,0.38,1.4,2.3714285714285714,1.16,14.68,22.0,2022
Ayo Dosunmu,G,8.59,2.58,2.75,0.78,0.32,1.24,2.0806451612903225,1.1,13.78,23.0,2023
Ayo Dosunmu,G,12.16,3.18,2.84,0.89,0.47,1.36,2.338235294117647,1.36,18.18,24.0,2024
Jeff Dowtin Jr.,G,1.5,0.75,1.75,0.0,0.25,0.25,3.0,0.25,4.0,25.0,2022
Jeff Dowtin Jr.,G,0.0,0.0,0.0,0.0,0.0,0.0,0.0,0.0,0.0,25.0,2022
Jeff Dowtin Jr.,G,3.25,1.75,2.75,1.25,0.0,1.0,1.75,1.25,8.0,25.0,2022
Jeff Dowtin Jr.,G,2.11,1.11,2.0,0.56,0.11,0.56,1.9821428571428572,0.67,5.33,25.0,2022
Jeff Dowtin Jr.,G,2.44,1.24,0.92,0.36,0.12,0.2,6.199999999999999,0.48,4.88,26.0,2023
Jeff Dowtin Jr.,G,4.33,2.25,1.67,0.58,0.08,0.42,5.357142857142858,0.66,8.49,27.0,2024
PJ Dozier,G,1.0,0.0,0.5,0.0,0.0,0.5,0.0,0.0,1.0,21.0,2018
PJ Dozier,G,3.17,0.83,2.83,0.33,0.0,0.0,inf,0.33,7.16,22.0,2019
PJ Dozier,G,5.79,2.17,1.9,0.48,0.21,0.93,2.333333333333333,0.69,9.62,23.0,2020
PJ Dozier,G,7.7,1.84,3.64,0.62,0.44,0.92,2.0,1.06,13.32,24.0,2021
PJ Dozier,G,5.39,1.61,3.5,0.61,0.33,0.72,2.236111111111111,0.94,10.72,25.0,2022
PJ Dozier,G,1.38,0.62,0.88,0.38,0.06,0.31,2.0,0.44,3.01,26.0,2023
Andre Drummond,C,13.78,0.67,13.46,0.89,1.87,1.46,0.45890410958904115,2.76,29.21,21.0,2015
Andre Drummond,C,16.22,0.83,14.79,1.47,1.38,1.91,0.43455497382198954,2.85,32.78,22.0,2016
Andre Drummond,C,13.64,1.11,13.77,1.53,1.1,1.88,0.5904255319148937,2.63,29.27,23.0,2017
Andre Drummond,C,15.01,3.04,15.99,1.46,1.63,2.56,1.1875,3.09,34.57,24.0,2018
Andre Drummond,C,17.34,1.42,15.59,1.72,1.75,2.22,0.6396396396396395,3.47,35.6,25.0,2019
Andre Drummond,C,17.76,2.82,15.82,1.98,1.67,3.55,0.7943661971830985,3.65,36.5,26.0,2020
Andre Drummond,C,17.5,1.75,11.12,1.5,1.38,3.62,0.48342541436464087,2.88,29.63,26.0,2020
Andre Drummond,C,17.72,2.67,15.16,1.91,1.63,3.56,0.75,3.54,35.53,26.0,2020
Andre Drummond,C,17.48,2.56,13.48,1.6,1.16,3.24,0.7901234567901234,2.76,33.04,27.0,2021
Andre Drummond,C,11.9,1.43,10.19,1.1,0.95,2.05,0.6975609756097562,2.05,23.52,27.0,2021
Andre Drummond,C,14.93,2.04,11.98,1.37,1.07,2.7,0.7555555555555555,2.44,28.69,27.0,2021
Andre Drummond,C,6.08,1.98,8.84,1.14,0.92,1.61,1.2298136645962732,2.06,17.35,28.0,2022
Andre Drummond,C,11.75,1.42,10.29,0.92,0.96,1.5,0.9466666666666667,1.88,23.84,28.0,2022
Andre Drummond,C,7.95,1.79,9.32,1.07,0.93,1.58,1.1329113924050633,2.0,19.48,28.0,2022
Andre Drummond,C,5.96,0.49,6.63,0.67,0.4,1.12,0.43749999999999994,1.07,13.03,29.0,2023
Andre Drummond,C,8.39,0.47,8.96,0.92,0.61,1.03,0.45631067961165045,1.53,18.32,30.0,2024
Chris Duarte,G,13.09,2.07,4.11,1.02,0.18,1.64,1.2621951219512195,1.2,18.83,25.0,2022
Chris Duarte,G,7.87,1.39,2.5,0.54,0.2,0.89,1.5617977528089886,0.74,11.61,26.0,2023
Chris Duarte,G,3.9,0.75,1.8,0.47,0.14,0.44,1.7045454545454546,0.61,6.62,27.0,2024
David Duke Jr.,G,4.73,0.77,3.05,0.64,0.32,0.41,1.878048780487805,0.96,9.1,22.0,2022
David Duke Jr.,G,3.7,0.91,1.26,0.43,0.04,0.78,1.1666666666666667,0.47,5.56,23.0,2023
David Duke Jr.,G,6.5,1.25,2.5,0.5,0.0,0.75,1.6666666666666667,0.5,10.0,24.0,2024
Kris Dunn,G,3.76,2.41,2.13,1.0,0.46,1.14,2.1140350877192984,1.46,8.62,23.0,2017
Kris Dunn,G,13.44,5.96,4.25,2.0,0.52,2.88,2.0694444444444446,2.52,23.29,24.0,2018
Kris Dunn,G,11.28,6.02,4.07,1.48,0.46,2.26,2.663716814159292,1.94,21.05,25.0,2019
Kris Dunn,G,7.31,3.39,3.65,1.98,0.33,1.33,2.5488721804511276,2.31,15.33,26.0,2020
Kris Dunn,G,1.25,0.5,1.5,0.5,0.5,0.75,0.6666666666666666,1.0,3.5,27.0,2021
Kris Dunn,G,7.57,5.64,3.5,1.64,0.21,2.29,2.462882096069869,1.85,16.27,28.0,2022
Kris Dunn,G,13.18,5.64,4.55,1.14,0.45,1.59,3.5471698113207544,1.59,23.37,29.0,2023
Kris Dunn,G,5.41,3.85,2.86,1.03,0.42,1.2,3.2083333333333335,1.45,12.37,30.0,2024
Kevin Durant,F,25.41,4.07,6.59,0.89,0.93,2.74,1.4854014598540146,1.82,35.15,26.0,2015
Kevin Durant,F,28.18,5.01,8.18,0.96,1.18,3.47,1.4438040345821324,2.14,40.04,27.0,2016
Kevin Durant,F,25.08,4.84,8.27,1.06,1.6,2.23,2.1704035874439462,2.66,38.62,28.0,2017
Kevin Durant,F,26.35,5.38,6.82,0.74,1.75,3.04,1.769736842105263,2.49,38.0,29.0,2018
Kevin Durant,F,25.99,5.86,6.37,0.74,1.08,2.88,2.0347222222222223,1.82,37.16,30.0,2019
Kevin Durant,F,26.94,5.57,7.06,0.71,1.29,3.43,1.6239067055393586,2.0,38.14,32.0,2021
Kevin Durant,F,29.87,6.38,7.4,0.87,0.95,3.47,1.8386167146974062,1.82,42.0,33.0,2022
Kevin Durant,F,29.69,5.31,6.72,0.82,1.46,3.49,1.5214899713467047,2.28,40.51,34.0,2023
Kevin Durant,F,26.0,3.5,6.38,0.25,1.25,2.5,1.4,1.5,34.88,34.0,2023
Kevin Durant,F,29.06,5.0,6.66,0.72,1.43,3.32,1.5060240963855422,2.15,39.55,34.0,2023
Kevin Durant,F,27.09,5.04,6.6,0.92,1.21,3.25,1.5507692307692307,2.13,37.61,35.0,2024
Jalen Duren,C,9.13,1.12,8.88,0.66,0.88,1.37,0.8175182481751825,1.54,19.3,19.0,2023
Jalen Duren,C,13.79,2.41,11.62,0.54,0.77,2.11,1.14218009478673,1.31,27.02,20.0,2024
Tari Eason,F,9.27,1.07,6.05,1.17,0.57,1.23,0.8699186991869919,1.74,16.9,22.0,2023
Tari Eason,F,9.77,1.23,6.95,1.41,0.86,0.91,1.3516483516483515,2.27,19.31,23.0,2024
Anthony Edwards,G,19.33,2.93,4.67,1.14,0.5,2.22,1.3198198198198199,1.64,26.35,19.0,2021
Anthony Edwards,G,21.29,3.82,4.76,1.46,0.64,2.64,1.4469696969696968,2.1,29.33,20.0,2022
Anthony Edwards,G,24.63,4.43,5.8,1.58,0.73,3.28,1.350609756097561,2.31,33.89,21.0,2023
Anthony Edwards,G,25.94,5.13,5.44,1.28,0.53,3.05,1.681967213114754,1.81,35.27,22.0,2024
Kessler Edwards,F,5.92,0.65,3.58,0.6,0.5,0.88,0.7386363636363636,1.1,10.37,21.0,2022
Kessler Edwards,F,1.07,0.14,1.0,0.21,0.07,0.29,0.48275862068965525,0.28,2.2,22.0,2023
Kessler Edwards,F,3.86,0.95,2.14,0.5,0.23,0.41,2.317073170731707,0.73,7.27,22.0,2023
Kessler Edwards,F,2.78,0.64,1.69,0.39,0.17,0.36,1.777777777777778,0.56,5.31,22.0,2023
Kessler Edwards,F,1.72,0.28,0.78,0.19,0.07,0.07,4.0,0.26,2.97,23.0,2024
Keon Ellis,G,1.5,0.38,0.5,0.31,0.06,0.06,6.333333333333334,0.37,2.69,23.0,2023
Keon Ellis,G,5.44,1.49,2.18,0.89,0.51,0.65,2.292307692307692,1.4,9.86,24.0,2024
Joel Embiid,C,20.23,2.13,7.84,0.87,2.45,3.77,0.5649867374005305,3.32,29.75,23.0,2017
Joel Embiid,C,22.94,3.16,10.95,0.63,1.76,3.71,0.8517520215633424,2.39,35.73,24.0,2018
Joel Embiid,C,27.52,3.66,13.61,0.72,1.91,3.53,1.0368271954674222,2.63,43.89,25.0,2019
Joel Embiid,C,22.98,2.98,11.63,0.88,1.27,3.12,0.9551282051282051,2.15,36.62,26.0,2020
Joel Embiid,C,28.45,2.84,10.57,0.98,1.35,3.12,0.9102564102564101,2.33,41.07,27.0,2021
Joel Embiid,C,30.57,4.18,11.71,1.13,1.46,3.15,1.326984126984127,2.59,45.9,28.0,2022
Joel Embiid,C,33.08,4.15,10.15,1.0,1.7,3.42,1.213450292397661,2.7,46.66,29.0,2023
Joel Embiid,C,34.69,5.62,11.03,1.18,1.69,3.85,1.4597402597402598,2.87,50.36,30.0,2024
Drew Eubanks,F,1.78,0.3,1.48,0.09,0.22,0.35,0.8571428571428572,0.31,3.52,22.0,2019
Drew Eubanks,F,4.86,0.68,3.86,0.23,0.77,0.95,0.7157894736842106,1.0,9.45,23.0,2020
Drew Eubanks,F,5.76,0.78,4.46,0.33,0.91,0.83,0.9397590361445783,1.24,11.41,24.0,2021
Drew Eubanks,F,4.65,1.02,4.0,0.27,0.61,0.94,1.0851063829787235,0.88,9.61,25.0,2022
Drew Eubanks,F,14.45,1.59,8.45,0.82,0.45,1.59,1.0,1.27,24.17,25.0,2022
Drew Eubanks,F,7.69,1.2,5.38,0.44,0.56,1.14,1.0526315789473684,1.0,14.13,25.0,2022
Drew Eubanks,F,6.64,1.32,5.36,0.51,1.31,0.86,1.5348837209302326,1.82,14.28,26.0,2023
Drew Eubanks,F,5.05,0.84,4.29,0.36,0.81,0.81,1.037037037037037,1.17,10.54,27.0,2024
Tosan Evbuomwan,F,2.5,1.5,3.5,0.0,0.25,0.25,6.0,0.25,7.5,23.0,2024
Tosan Evbuomwan,F,7.0,0.77,3.54,0.46,0.31,0.62,1.2419354838709677,0.77,11.46,23.0,2024
Tosan Evbuomwan,F,5.94,0.94,3.53,0.35,0.29,0.53,1.7735849056603772,0.64,10.52,23.0,2024
Danté Exum,G,4.79,2.41,1.6,0.5,0.17,1.44,1.6736111111111114,0.67,8.03,19.0,2015
Danté Exum,G,6.24,1.68,2.0,0.32,0.18,1.21,1.3884297520661157,0.5,9.21,21.0,2017
Danté Exum,G,8.14,3.07,1.86,0.57,0.21,1.43,2.1468531468531467,0.78,12.42,22.0,2018
Danté Exum,G,6.86,2.62,1.62,0.33,0.12,1.24,2.1129032258064515,0.45,10.31,23.0,2019
Danté Exum,G,2.18,0.64,1.09,0.09,0.18,0.91,0.7032967032967032,0.27,3.27,24.0,2020
Danté Exum,G,5.62,1.38,2.29,0.5,0.25,0.88,1.5681818181818181,0.75,9.16,24.0,2020
Danté Exum,G,4.54,1.14,1.91,0.37,0.23,0.89,1.2808988764044942,0.6,7.3,24.0,2020
Danté Exum,G,3.83,2.17,2.83,0.67,0.33,1.17,1.8547008547008548,1.0,8.66,25.0,2021
Danté Exum,G,7.78,2.85,2.71,0.4,0.09,0.89,3.202247191011236,0.49,12.94,28.0,2024
Bruno Fernando,F,4.29,0.88,3.54,0.32,0.3,0.75,1.1733333333333333,0.62,8.58,21.0,2020
Bruno Fernando,F,1.55,0.3,2.36,0.12,0.09,0.64,0.46875,0.21,3.78,22.0,2021
Bruno Fernando,F,0.95,0.2,0.75,0.0,0.15,0.25,0.8,0.15,1.8,23.0,2022
Bruno Fernando,F,6.9,0.3,4.0,0.1,0.8,0.9,0.3333333333333333,0.9,11.2,23.0,2022
Bruno Fernando,F,2.93,0.23,1.83,0.03,0.37,0.47,0.4893617021276596,0.4,4.92,23.0,2022
Bruno Fernando,F,4.06,0.97,3.94,0.19,1.0,0.65,1.4923076923076921,1.19,9.51,24.0,2023
Bruno Fernando,F,3.38,0.12,1.88,0.0,0.38,0.62,0.1935483870967742,0.38,5.14,24.0,2023
Bruno Fernando,F,3.92,0.79,3.51,0.15,0.87,0.64,1.234375,1.02,8.6,24.0,2023
Bruno Fernando,F,6.27,1.02,4.29,0.56,0.62,0.98,1.0408163265306123,1.18,11.78,25.0,2024
Dorian Finney-Smith,F,4.32,0.83,2.74,0.64,0.31,0.56,1.482142857142857,0.95,8.28,24.0,2017
Dorian Finney-Smith,F,5.86,1.24,3.57,0.48,0.19,1.0,1.24,0.67,10.34,25.0,2018
Dorian Finney-Smith,F,7.51,1.17,4.8,0.85,0.44,0.91,1.2857142857142856,1.29,13.86,26.0,2019
Dorian Finney-Smith,F,9.55,1.61,5.7,0.63,0.55,0.97,1.6597938144329898,1.18,17.07,27.0,2020
Dorian Finney-Smith,F,9.83,1.7,5.43,0.87,0.42,0.8,2.125,1.29,17.45,28.0,2021
Dorian Finney-Smith,F,11.0,1.88,4.69,1.1,0.49,1.0,1.88,1.59,18.16,29.0,2022
Dorian Finney-Smith,F,9.12,1.48,4.7,0.95,0.5,0.9,1.6444444444444444,1.45,15.85,30.0,2023
Dorian Finney-Smith,F,7.15,1.58,4.92,0.65,0.62,1.0,1.58,1.27,13.92,30.0,2023
Dorian Finney-Smith,F,8.35,1.52,4.79,0.83,0.55,0.94,1.6170212765957448,1.38,15.1,30.0,2023
Dorian Finney-Smith,F,8.53,1.57,4.66,0.82,0.56,0.87,1.8045977011494254,1.38,15.27,31.0,2024
Adam Flagler,G,1.5,2.0,0.0,0.0,0.0,0.0,inf,0.0,3.5,24.0,2024
Malachi Flynn,G,7.51,2.91,2.47,0.81,0.15,0.91,3.197802197802198,0.96,12.94,23.0,2021
Malachi Flynn,G,4.3,1.59,1.43,0.45,0.09,0.3,5.300000000000001,0.54,7.56,24.0,2022
Malachi Flynn,G,4.64,1.32,1.43,0.4,0.08,0.47,2.808510638297873,0.48,7.4,25.0,2023
Malachi Flynn,G,5.06,2.35,2.1,0.58,0.19,1.06,2.2169811320754715,0.77,9.22,26.0,2024
Malachi Flynn,G,2.21,0.43,0.43,0.07,0.0,0.21,2.0476190476190474,0.07,2.93,26.0,2024
Malachi Flynn,G,8.0,2.12,1.79,0.79,0.08,1.12,1.8928571428571428,0.87,11.66,26.0,2024
Malachi Flynn,G,5.51,1.88,1.65,0.55,0.12,0.91,2.0659340659340657,0.67,8.8,26.0,2024
Simone Fontecchio,F,6.31,0.81,1.65,0.29,0.15,0.75,1.08,0.44,8.46,27.0,2023
Simone Fontecchio,F,8.9,1.46,3.52,0.6,0.36,1.02,1.4313725490196079,0.96,13.82,28.0,2024
Simone Fontecchio,F,15.44,1.75,4.38,0.88,0.31,1.06,1.650943396226415,1.19,21.7,28.0,2024
Simone Fontecchio,F,10.48,1.53,3.73,0.67,0.35,1.03,1.4854368932038835,1.02,15.73,28.0,2024
De'Aaron Fox,G,11.56,4.38,2.79,0.96,0.27,2.37,1.8481012658227847,1.23,17.59,20.0,2018
De'Aaron Fox,G,17.27,7.28,3.75,1.64,0.56,2.8,2.6,2.2,27.7,21.0,2019
De'Aaron Fox,G,21.12,6.82,3.84,1.45,0.49,3.1,2.2,1.94,30.62,22.0,2020
De'Aaron Fox,G,25.19,7.19,3.5,1.5,0.47,3.0,2.396666666666667,1.97,34.85,23.0,2021
De'Aaron Fox,G,23.17,5.59,3.92,1.15,0.42,2.85,1.9614035087719297,1.57,31.4,24.0,2022
De'Aaron Fox,G,25.01,6.12,4.19,1.14,0.32,2.48,2.467741935483871,1.46,34.3,25.0,2023
De'Aaron Fox,G,26.57,5.65,4.59,2.03,0.42,2.62,2.1564885496183206,2.45,36.64,26.0,2024
Markelle Fultz,G,7.14,3.79,3.07,0.86,0.29,1.21,3.1322314049586777,1.15,13.94,20.0,2018
Markelle Fultz,G,8.16,3.11,3.68,0.89,0.26,1.32,2.356060606060606,1.15,14.78,21.0,2019
Markelle Fultz,G,12.08,5.12,3.31,1.25,0.15,2.04,2.5098039215686274,1.4,19.87,22.0,2020
Markelle Fultz,G,12.88,5.38,3.12,1.0,0.25,2.25,2.391111111111111,1.25,20.38,23.0,2021
Markelle Fultz,G,10.83,5.5,2.72,1.11,0.28,2.22,2.477477477477477,1.39,18.22,24.0,2022
Markelle Fultz,G,13.95,5.68,3.9,1.45,0.43,2.32,2.4482758620689657,1.88,23.09,25.0,2023
Markelle Fultz,G,7.79,2.79,3.21,0.98,0.35,1.16,2.4051724137931036,1.33,13.96,26.0,2024
Daniel Gafford,F,5.12,0.49,2.47,0.3,1.3,0.67,0.7313432835820894,1.6,9.01,21.0,2020
Daniel Gafford,F,4.74,0.55,3.32,0.35,1.1,0.71,0.7746478873239437,1.45,9.35,22.0,2021
Daniel Gafford,F,10.13,0.52,5.57,0.65,1.78,0.83,0.6265060240963856,2.43,17.82,22.0,2021
Daniel Gafford,F,7.04,0.54,4.28,0.48,1.39,0.76,0.7105263157894737,1.87,12.97,22.0,2021
Daniel Gafford,F,9.4,0.94,5.65,0.42,1.38,0.9,1.0444444444444443,1.8,16.89,23.0,2022
Daniel Gafford,F,9.04,1.08,5.55,0.42,1.27,1.09,0.9908256880733944,1.69,16.27,24.0,2023
Daniel Gafford,F,10.89,1.53,8.02,0.98,2.16,1.02,1.5,3.14,22.56,25.0,2024
Daniel Gafford,F,11.17,1.59,6.93,0.72,1.93,0.97,1.639175257731959,2.65,21.37,25.0,2024
Daniel Gafford,F,11.0,1.55,7.59,0.88,2.07,1.0,1.55,2.95,22.09,25.0,2024
Darius Garland,G,12.34,3.88,1.88,0.71,0.07,2.56,1.515625,0.78,16.32,20.0,2020
Darius Garland,G,17.43,6.09,2.39,1.22,0.11,3.04,2.0032894736842106,1.33,24.2,21.0,2021
Darius Garland,G,21.66,8.57,3.29,1.31,0.1,3.65,2.3479452054794523,1.41,31.28,22.0,2022
Darius Garland,G,21.59,7.8,2.68,1.23,0.13,2.88,2.7083333333333335,1.36,30.55,23.0,2023
Darius Garland,G,18.04,6.54,2.67,1.3,0.12,3.09,2.116504854368932,1.42,25.58,24.0,2024
Marcus Garrett,G,1.08,0.58,1.92,0.42,0.25,0.17,3.4117647058823524,0.67,4.08,23.0,2022
Luka Garza,C,5.81,0.62,3.12,0.28,0.19,0.56,1.107142857142857,0.47,9.46,23.0,2022
Luka Garza,C,6.46,0.64,2.25,0.11,0.07,0.5,1.28,0.18,9.03,24.0,2023
Luka Garza,C,3.96,0.16,1.24,0.16,0.04,0.24,0.6666666666666667,0.2,5.32,25.0,2024
Keyonte George,G,12.99,4.43,2.81,0.48,0.09,2.51,1.7649402390438247,0.57,18.29,20.0,2024
Paul George,F,8.83,1.0,3.67,0.83,0.17,2.0,0.5,1.0,12.5,25.0,2015
Paul George,F,23.14,4.06,6.95,1.88,0.36,3.27,1.241590214067278,2.24,33.12,26.0,2016
Paul George,F,23.67,3.35,6.56,1.59,0.36,2.93,1.1433447098976108,1.95,32.6,27.0,2017
Paul George,F,21.95,3.33,5.66,2.04,0.49,2.68,1.2425373134328357,2.53,30.79,28.0,2018
Paul George,F,28.04,4.13,8.16,2.21,0.44,2.66,1.5526315789473684,2.65,40.32,29.0,2019
Paul George,F,21.52,3.85,5.67,1.42,0.42,2.6,1.4807692307692308,1.84,30.28,30.0,2020
Paul George,F,23.31,5.19,6.65,1.15,0.44,3.31,1.5679758308157101,1.59,33.43,31.0,2021
Paul George,F,24.32,5.68,6.87,2.16,0.42,4.06,1.3990147783251232,2.58,35.39,32.0,2022
Paul George,F,23.79,5.14,6.11,1.48,0.36,3.14,1.6369426751592355,1.84,33.74,33.0,2023
Paul George,F,22.58,3.54,5.24,1.53,0.5,2.07,1.710144927536232,2.03,31.32,34.0,2024
Taj Gibson,F,10.32,1.15,6.39,0.58,1.21,1.24,0.9274193548387096,1.79,18.41,30.0,2015
Taj Gibson,F,8.59,1.45,6.9,0.64,1.05,1.07,1.3551401869158877,1.69,17.56,31.0,2016
Taj Gibson,F,11.62,1.09,6.95,0.49,0.91,1.4,0.7785714285714287,1.4,19.66,32.0,2017
Taj Gibson,F,9.0,0.57,4.48,0.61,0.65,1.22,0.4672131147540983,1.26,14.09,32.0,2017
Taj Gibson,F,10.85,0.94,6.22,0.53,0.83,1.35,0.6962962962962962,1.36,18.02,32.0,2017
Taj Gibson,F,12.18,1.21,7.12,0.76,0.72,1.09,1.1100917431192658,1.48,20.9,33.0,2018
Taj Gibson,F,10.76,1.2,6.54,0.76,0.56,1.04,1.1538461538461537,1.32,18.78,34.0,2019
Taj Gibson,F,6.11,0.84,4.31,0.44,0.48,0.76,1.1052631578947367,0.92,11.42,35.0,2020
Taj Gibson,F,5.36,0.8,5.56,0.69,1.09,0.49,1.6326530612244898,1.78,13.01,36.0,2021
Taj Gibson,F,4.4,0.62,4.4,0.42,0.77,0.52,1.1923076923076923,1.19,10.09,37.0,2022
Taj Gibson,F,3.43,0.69,1.9,0.31,0.24,0.53,1.3018867924528301,0.55,6.04,38.0,2023
Taj Gibson,F,1.0,0.56,1.75,0.12,0.38,0.31,1.806451612903226,0.5,3.5,39.0,2024
Taj Gibson,F,4.5,0.5,2.25,0.25,0.25,0.0,inf,0.5,7.75,39.0,2024
Taj Gibson,F,1.7,0.55,1.85,0.15,0.35,0.25,2.2,0.5,4.35,39.0,2024
Josh Giddey,G,12.48,6.39,7.8,0.94,0.37,3.17,2.0157728706624605,1.31,24.81,19.0,2022
Josh Giddey,G,16.58,6.17,7.88,0.75,0.41,2.78,2.2194244604316546,1.16,29.01,20.0,2023
Josh Giddey,G,12.32,4.82,6.42,0.64,0.55,2.1,2.295238095238095,1.19,22.65,21.0,2024
Shai Gilgeous-Alexander,G,10.84,3.29,2.83,1.17,0.55,1.72,1.9127906976744187,1.72,16.96,20.0,2019
Shai Gilgeous-Alexander,G,19.01,3.31,5.89,1.13,0.67,1.91,1.7329842931937174,1.8,28.1,21.0,2020
Shai Gilgeous-Alexander,G,23.71,5.91,4.74,0.77,0.66,3.03,1.9504950495049507,1.43,32.76,22.0,2021
Shai Gilgeous-Alexander,G,24.48,5.91,4.96,1.27,0.82,2.75,2.149090909090909,2.09,34.69,23.0,2022
Shai Gilgeous-Alexander,G,31.4,5.46,4.84,1.65,0.96,2.82,1.9361702127659575,2.61,41.49,24.0,2023
Shai Gilgeous-Alexander,G,30.05,6.2,5.53,2.0,0.89,2.16,2.8703703703703702,2.89,42.51,25.0,2024
Anthony Gill,F,3.08,0.42,1.96,0.38,0.15,0.31,1.3548387096774193,0.53,5.68,28.0,2021
Anthony Gill,F,4.09,0.61,1.93,0.11,0.25,0.41,1.4878048780487805,0.36,6.58,29.0,2022
Anthony Gill,F,3.31,0.58,1.68,0.12,0.2,0.25,2.32,0.32,5.64,30.0,2023
Anthony Gill,F,3.78,0.68,1.88,0.26,0.22,0.46,1.4782608695652175,0.48,6.36,31.0,2024
Collin Gillespie,G,3.62,1.12,0.88,0.54,0.0,0.58,1.931034482758621,0.54,5.58,25.0,2024
Rudy Gobert,C,8.37,1.33,9.45,0.78,2.3,1.35,0.9851851851851852,3.08,20.88,23.0,2015
Rudy Gobert,C,9.13,1.49,10.95,0.74,2.21,1.87,0.7967914438502673,2.95,22.65,24.0,2016
Rudy Gobert,C,14.04,1.2,12.78,0.6,2.64,1.81,0.6629834254143646,3.24,29.45,25.0,2017
Rudy Gobert,C,13.5,1.43,10.73,0.79,2.3,1.91,0.7486910994764397,3.09,26.84,26.0,2018
Rudy Gobert,C,15.85,1.99,12.85,0.81,2.31,1.6,1.24375,3.12,32.21,27.0,2019
Rudy Gobert,C,15.09,1.49,13.47,0.75,1.99,1.91,0.7801047120418848,2.74,30.88,28.0,2020
Rudy Gobert,C,14.3,1.25,13.52,0.56,2.68,1.66,0.7530120481927711,3.24,30.65,29.0,2021
Rudy Gobert,C,15.56,1.09,14.67,0.68,2.08,1.8,0.6055555555555556,2.76,32.28,30.0,2022
Rudy Gobert,C,13.41,1.24,11.63,0.8,1.36,1.74,0.7126436781609196,2.16,26.7,31.0,2023
Rudy Gobert,C,13.96,1.34,12.92,0.68,2.13,1.55,0.864516129032258,2.81,29.48,32.0,2024
Jordan Goodwin,G,0.0,0.0,0.5,0.0,0.0,0.0,0.0,0.0,0.5,23.0,2022
Jordan Goodwin,G,6.56,2.71,3.31,0.94,0.42,0.92,2.9456521739130435,1.36,13.02,24.0,2023
Jordan Goodwin,G,4.95,1.95,2.92,0.57,0.22,0.72,2.7083333333333335,0.79,9.89,25.0,2024
Jordan Goodwin,G,10.0,4.53,8.0,1.47,0.53,1.59,2.849056603773585,2.0,22.94,25.0,2024
Jordan Goodwin,G,6.46,2.72,4.44,0.84,0.32,0.98,2.775510204081633,1.16,13.8,25.0,2024
Aaron Gordon,F,5.17,0.7,3.6,0.45,0.47,0.81,0.8641975308641974,0.92,9.58,19.0,2015
Aaron Gordon,F,9.22,1.64,6.5,0.76,0.71,0.85,1.9294117647058824,1.47,17.98,20.0,2016
Aaron Gordon,F,12.74,1.88,5.06,0.81,0.5,1.11,1.6936936936936935,1.31,19.88,21.0,2017
Aaron Gordon,F,17.62,2.34,7.88,1.02,0.78,1.84,1.2717391304347825,1.8,27.8,22.0,2018
Aaron Gordon,F,15.97,3.71,7.36,0.73,0.72,2.08,1.783653846153846,1.45,26.41,23.0,2019
Aaron Gordon,F,14.42,3.68,7.66,0.82,0.63,1.61,2.2857142857142856,1.45,25.6,24.0,2020
Aaron Gordon,F,14.56,4.2,6.64,0.64,0.8,2.68,1.5671641791044777,1.44,24.16,25.0,2021
Aaron Gordon,F,10.16,2.24,4.72,0.68,0.56,1.2,1.866666666666667,1.24,17.16,25.0,2021
Aaron Gordon,F,12.36,3.22,5.68,0.66,0.68,1.94,1.6597938144329898,1.34,20.66,25.0,2021
Aaron Gordon,F,15.01,2.51,5.85,0.59,0.59,1.77,1.4180790960451977,1.18,22.78,26.0,2022
Aaron Gordon,F,16.31,2.99,6.56,0.79,0.75,1.44,2.0763888888888893,1.54,25.96,27.0,2023
Aaron Gordon,F,13.88,3.55,6.45,0.77,0.62,1.44,2.4652777777777777,1.39,23.83,28.0,2024
Eric Gordon,G,13.41,3.75,2.61,0.82,0.23,2.0,1.875,1.05,18.82,26.0,2015
Eric Gordon,G,15.24,2.69,2.2,0.96,0.31,1.62,1.6604938271604937,1.27,19.78,27.0,2016
Eric Gordon,G,16.23,2.51,2.68,0.64,0.55,1.61,1.559006211180124,1.19,21.0,28.0,2017
Eric Gordon,G,18.01,2.23,2.46,0.64,0.39,1.88,1.1861702127659575,1.03,21.85,29.0,2018
Eric Gordon,G,16.22,1.9,2.18,0.6,0.4,1.32,1.4393939393939392,1.0,19.98,30.0,2019
Eric Gordon,G,14.44,1.5,1.97,0.64,0.36,1.19,1.2605042016806722,1.0,17.72,31.0,2020
Eric Gordon,G,17.81,2.63,2.15,0.52,0.48,1.89,1.3915343915343916,1.0,21.7,32.0,2021
Eric Gordon,G,13.42,2.7,1.98,0.49,0.32,1.88,1.4361702127659577,0.81,17.03,33.0,2022
Eric Gordon,G,13.09,2.89,2.06,0.64,0.36,1.77,1.632768361581921,1.0,17.27,34.0,2023
Eric Gordon,G,10.95,2.14,1.68,0.59,0.36,0.95,2.2526315789473688,0.95,14.77,34.0,2023
Eric Gordon,G,12.41,2.65,1.94,0.62,0.36,1.51,1.7549668874172184,0.98,16.47,34.0,2023
Eric Gordon,G,11.01,2.04,1.79,0.97,0.44,1.07,1.9065420560747663,1.41,15.18,35.0,2024
Jerami Grant,F,6.32,1.22,3.05,0.62,1.05,1.31,0.9312977099236641,1.67,10.95,21.0,2015
Jerami Grant,F,9.73,1.75,4.69,0.7,1.65,1.43,1.2237762237762237,2.35,17.09,22.0,2016
Jerami Grant,F,8.0,0.0,3.0,0.0,2.0,1.5,0.0,2.0,11.5,23.0,2017
Jerami Grant,F,5.4,0.59,2.55,0.42,0.96,0.53,1.1132075471698113,1.38,9.39,23.0,2017
Jerami Grant,F,5.46,0.57,2.56,0.41,0.99,0.55,1.0363636363636362,1.4,9.44,23.0,2017
Jerami Grant,F,8.42,0.7,3.94,0.38,0.95,0.67,1.044776119402985,1.33,13.72,24.0,2018
Jerami Grant,F,13.62,0.99,5.21,0.76,1.25,0.84,1.1785714285714286,2.01,20.99,25.0,2019
Jerami Grant,F,11.99,1.24,3.49,0.7,0.8,0.89,1.3932584269662922,1.5,17.33,26.0,2020
Jerami Grant,F,22.31,2.81,4.63,0.65,1.07,2.02,1.391089108910891,1.72,29.45,27.0,2021
Jerami Grant,F,19.23,2.36,4.06,0.94,1.04,1.81,1.3038674033149171,1.98,25.82,28.0,2022
Jerami Grant,F,20.48,2.38,4.49,0.81,0.84,1.84,1.2934782608695652,1.65,27.16,29.0,2023
Jerami Grant,F,20.96,2.81,3.54,0.83,0.63,2.15,1.3069767441860465,1.46,26.62,30.0,2024
AJ Green,G,4.4,0.63,1.29,0.17,0.0,0.26,2.423076923076923,0.17,6.23,23.0,2023
AJ Green,G,4.5,0.54,1.14,0.16,0.07,0.21,2.5714285714285716,0.23,6.2,24.0,2024
Draymond Green,F,11.66,3.68,8.19,1.56,1.25,1.68,2.1904761904761907,2.81,24.66,25.0,2015
Draymond Green,F,13.96,7.38,9.49,1.47,1.4,3.2,2.30625,2.87,30.5,26.0,2016
Draymond Green,F,10.21,7.01,7.88,2.03,1.39,2.42,2.896694214876033,3.42,26.1,27.0,2017
Draymond Green,F,11.04,7.26,7.64,1.36,1.3,2.89,2.5121107266435985,2.66,25.71,28.0,2018
Draymond Green,F,7.36,6.88,7.29,1.44,1.06,2.56,2.6875,2.5,21.47,29.0,2019
Draymond Green,F,8.02,6.19,6.19,1.37,0.77,2.28,2.7149122807017547,2.14,20.26,30.0,2020
Draymond Green,F,7.05,8.86,7.11,1.67,0.83,2.98,2.9731543624161074,2.5,22.54,31.0,2021
Draymond Green,F,7.52,6.96,7.3,1.33,1.09,3.02,2.3046357615894038,2.42,21.18,32.0,2022
Draymond Green,F,8.45,6.85,7.19,1.01,0.82,2.79,2.455197132616487,1.83,21.53,33.0,2023
Draymond Green,F,8.64,6.04,7.24,1.0,0.85,2.45,2.4653061224489794,1.85,21.32,34.0,2024
Jalen Green,G,17.27,2.63,3.37,0.66,0.27,2.01,1.3084577114427862,0.93,22.19,20.0,2022
Jalen Green,G,22.14,3.7,3.74,0.78,0.24,2.63,1.4068441064638784,1.02,27.97,21.0,2023
Jalen Green,G,19.63,3.55,5.16,0.8,0.34,2.33,1.5236051502145922,1.14,27.15,22.0,2024
Javonte Green,G,3.4,0.54,1.94,0.5,0.17,0.48,1.1250000000000002,0.67,6.07,26.0,2020
Javonte Green,G,4.2,0.44,2.08,0.72,0.08,0.52,0.8461538461538461,0.8,7.0,27.0,2021
Javonte Green,G,2.56,0.38,1.19,0.62,0.25,0.38,1.0,0.87,4.62,27.0,2021
Javonte Green,G,3.56,0.41,1.73,0.68,0.15,0.46,0.8913043478260869,0.83,6.07,27.0,2021
Javonte Green,G,7.2,0.92,4.25,1.03,0.49,0.46,2.0,1.52,13.43,28.0,2022
Javonte Green,G,5.16,0.72,2.75,0.75,0.66,0.62,1.161290322580645,1.41,9.42,29.0,2023
Javonte Green,G,12.22,0.56,7.44,1.11,0.89,0.78,0.717948717948718,2.0,21.44,30.0,2024
Jeff Green,F,17.58,1.61,4.27,0.82,0.39,1.7,0.9470588235294118,1.21,22.97,28.0,2015
Jeff Green,F,13.07,1.8,4.16,0.58,0.47,1.16,1.5517241379310347,1.05,18.92,28.0,2015
Jeff Green,F,14.97,1.72,4.21,0.68,0.44,1.38,1.2463768115942029,1.12,20.64,28.0,2015
Jeff Green,F,12.19,1.85,4.55,0.75,0.36,1.3,1.4230769230769231,1.11,18.4,29.0,2016
Jeff Green,F,10.85,1.48,3.37,0.67,0.78,0.89,1.6629213483146068,1.45,16.26,29.0,2016
Jeff Green,F,11.74,1.72,4.15,0.72,0.5,1.16,1.4827586206896552,1.22,17.67,29.0,2016
Jeff Green,F,9.25,1.17,3.1,0.54,0.19,1.09,1.0733944954128438,0.73,13.16,30.0,2017
Jeff Green,F,10.85,1.27,3.15,0.53,0.44,0.96,1.3229166666666667,0.97,15.28,31.0,2018
Jeff Green,F,12.29,1.78,4.01,0.56,0.51,1.31,1.3587786259541985,1.07,17.84,32.0,2019
Jeff Green,F,7.77,0.67,2.7,0.4,0.33,0.9,0.7444444444444445,0.73,10.97,33.0,2020
Jeff Green,F,12.22,1.67,2.89,0.78,0.5,0.83,2.0120481927710845,1.28,17.23,33.0,2020
Jeff Green,F,9.44,1.04,2.77,0.54,0.4,0.88,1.1818181818181819,0.94,13.31,33.0,2020
Jeff Green,F,11.03,1.59,3.87,0.53,0.4,0.79,2.0126582278481013,0.93,16.63,34.0,2021
Jeff Green,F,10.29,1.28,3.08,0.37,0.36,0.95,1.3473684210526318,0.73,14.43,35.0,2022
Jeff Green,F,7.8,1.23,2.57,0.32,0.3,0.82,1.5,0.62,11.4,36.0,2023
Jeff Green,F,6.53,0.9,2.28,0.21,0.4,0.59,1.5254237288135595,0.61,9.73,37.0,2024
Josh Green,G,2.59,0.72,2.0,0.41,0.08,0.44,1.6363636363636362,0.49,5.36,20.0,2021
Josh Green,G,4.76,1.18,2.4,0.67,0.21,0.66,1.7878787878787876,0.88,8.56,21.0,2022
Josh Green,G,9.1,1.72,3.03,0.7,0.08,1.2,1.4333333333333333,0.78,13.43,22.0,2023
Josh Green,G,8.23,2.28,3.23,0.82,0.16,1.05,2.1714285714285713,0.98,13.67,23.0,2024
Quentin Grimes,G,5.98,0.96,2.04,0.67,0.24,0.61,1.5737704918032787,0.91,9.28,22.0,2022
Quentin Grimes,G,11.25,2.11,3.23,0.66,0.37,0.97,2.1752577319587627,1.03,16.65,23.0,2023
Quentin Grimes,G,7.27,1.16,1.96,0.67,0.07,0.47,2.4680851063829787,0.74,10.66,24.0,2024
Quentin Grimes,G,5.33,2.33,2.0,0.83,0.67,1.17,1.9914529914529917,1.5,9.99,24.0,2024
Quentin Grimes,G,7.04,1.29,1.96,0.69,0.14,0.55,2.3454545454545452,0.83,10.57,24.0,2024
Mouhamed Gueye,F,4.0,0.67,3.67,0.83,0.67,0.17,3.941176470588235,1.5,9.67,21.0,2024
Rui Hachimura,F,13.52,1.81,6.12,0.77,0.17,1.1,1.6454545454545453,0.94,21.29,22.0,2020
Rui Hachimura,F,13.84,1.44,5.47,0.77,0.12,1.19,1.2100840336134453,0.89,20.45,23.0,2021
Rui Hachimura,F,11.31,1.14,3.81,0.55,0.21,0.79,1.4430379746835442,0.76,16.23,24.0,2022
Rui Hachimura,F,13.0,1.17,4.27,0.37,0.4,1.2,0.975,0.77,18.01,25.0,2023
Rui Hachimura,F,9.61,0.7,4.7,0.24,0.42,0.52,1.346153846153846,0.66,15.15,25.0,2023
Rui Hachimura,F,11.22,0.92,4.49,0.3,0.41,0.84,1.0952380952380953,0.71,16.5,25.0,2023
Rui Hachimura,F,13.57,1.19,4.32,0.6,0.37,0.68,1.7499999999999998,0.97,19.37,26.0,2024
Tyrese Haliburton,G,12.98,5.33,2.98,1.33,0.48,1.59,3.352201257861635,1.81,21.51,21.0,2021
Tyrese Haliburton,G,14.25,7.43,3.9,1.69,0.67,2.25,3.302222222222222,2.36,25.69,22.0,2022
Tyrese Haliburton,G,17.46,9.58,4.31,1.85,0.58,3.23,2.9659442724458205,2.43,30.55,22.0,2022
Tyrese Haliburton,G,15.34,8.16,4.04,1.74,0.64,2.58,3.1627906976744184,2.38,27.34,22.0,2022
Tyrese Haliburton,G,20.71,10.45,3.66,1.62,0.45,2.52,4.146825396825396,2.07,34.37,23.0,2023
Tyrese Haliburton,G,20.13,10.9,3.93,1.2,0.7,2.3,4.739130434782609,1.9,34.56,24.0,2024
Tim Hardaway Jr.,G,11.49,1.81,2.23,0.29,0.2,1.17,1.547008547008547,0.49,14.85,23.0,2015
Tim Hardaway Jr.,G,6.39,1.0,1.69,0.41,0.14,0.45,2.2222222222222223,0.55,9.18,24.0,2016
Tim Hardaway Jr.,G,14.47,2.3,2.84,0.7,0.19,1.34,1.716417910447761,0.89,19.16,25.0,2017
Tim Hardaway Jr.,G,17.47,2.72,3.93,1.09,0.18,1.61,1.68944099378882,1.27,23.78,26.0,2018
Tim Hardaway Jr.,G,19.13,2.65,3.5,0.91,0.13,1.76,1.5056818181818181,1.04,24.56,27.0,2019
Tim Hardaway Jr.,G,15.47,1.95,3.21,0.63,0.11,1.26,1.5476190476190477,0.74,20.11,27.0,2019
Tim Hardaway Jr.,G,18.06,2.45,3.42,0.83,0.12,1.62,1.5123456790123457,0.95,23.26,27.0,2019
Tim Hardaway Jr.,G,15.79,1.93,3.27,0.58,0.07,0.97,1.9896907216494846,0.65,20.67,28.0,2020
Tim Hardaway Jr.,G,16.61,1.8,3.27,0.44,0.16,0.91,1.978021978021978,0.6,21.37,29.0,2021
Tim Hardaway Jr.,G,14.24,2.19,3.71,0.9,0.14,0.81,2.7037037037037033,1.04,20.37,30.0,2022
Tim Hardaway Jr.,G,14.35,1.82,3.54,0.69,0.17,0.85,2.1411764705882352,0.86,19.72,31.0,2023
Tim Hardaway Jr.,G,14.42,1.76,3.22,0.53,0.08,0.87,2.0229885057471266,0.61,19.14,32.0,2024
James Harden,G,27.37,6.98,5.67,1.9,0.74,3.96,1.7626262626262628,2.64,38.7,25.0,2015
James Harden,G,28.98,7.46,6.11,1.7,0.62,4.56,1.6359649122807018,2.32,40.31,26.0,2016
James Harden,G,29.09,11.2,8.14,1.49,0.47,5.73,1.9546247818499125,1.96,44.66,27.0,2017
James Harden,G,30.43,8.75,5.4,1.75,0.69,4.38,1.997716894977169,2.44,42.64,28.0,2018
James Harden,G,36.13,7.51,6.64,2.03,0.74,4.96,1.5141129032258065,2.77,48.09,29.0,2019
James Harden,G,34.34,7.53,6.56,1.84,0.88,4.53,1.6622516556291391,2.72,46.62,30.0,2020
James Harden,G,24.75,10.38,5.12,0.88,0.75,4.25,2.4423529411764706,1.63,37.63,31.0,2021
James Harden,G,24.58,10.89,8.53,1.28,0.75,3.97,2.743073047858942,2.03,42.06,31.0,2021
James Harden,G,24.61,10.8,7.91,1.2,0.75,4.02,2.686567164179105,1.95,41.25,31.0,2021
James Harden,G,22.5,10.16,7.98,1.27,0.7,4.82,2.107883817427386,1.97,37.79,32.0,2022
James Harden,G,21.05,10.48,7.1,1.24,0.24,3.43,3.055393586005831,1.48,36.68,32.0,2022
James Harden,G,22.03,10.26,7.69,1.26,0.55,4.37,2.3478260869565215,1.81,37.42,32.0,2022
James Harden,G,20.97,10.66,6.1,1.22,0.53,3.36,3.172619047619048,1.75,36.12,33.0,2023
James Harden,G,16.56,8.53,5.12,1.07,0.79,2.57,3.319066147859922,1.86,29.5,34.0,2024
Jaden Hardy,G,8.75,1.35,1.85,0.35,0.15,0.96,1.4062500000000002,0.5,11.49,20.0,2023
Jaden Hardy,G,7.26,1.49,1.79,0.3,0.05,0.85,1.7529411764705882,0.35,10.04,21.0,2024
Ron Harper Jr.,G,2.22,0.44,0.78,0.0,0.11,0.0,inf,0.11,3.55,23.0,2023
Ron Harper Jr.,G,0.0,1.0,0.0,0.0,0.0,0.0,inf,0.0,1.0,24.0,2024
Gary Harris,G,3.42,0.53,1.16,0.71,0.13,0.69,0.7681159420289856,0.84,5.26,20.0,2015
Gary Harris,G,12.26,1.93,2.89,1.28,0.24,1.29,1.496124031007752,1.52,17.31,21.0,2016
Gary Harris,G,14.93,2.88,3.12,1.25,0.14,1.33,2.1654135338345863,1.39,20.99,22.0,2017
Gary Harris,G,17.46,2.9,2.63,1.82,0.22,1.78,1.6292134831460674,2.04,23.25,23.0,2018
Gary Harris,G,12.93,2.23,2.81,0.96,0.33,1.19,1.8739495798319328,1.29,18.07,24.0,2019
Gary Harris,G,10.38,2.11,2.91,1.36,0.25,1.07,1.9719626168224296,1.61,15.94,25.0,2020
Gary Harris,G,9.68,1.68,2.47,0.89,0.21,0.74,2.27027027027027,1.1,14.19,26.0,2021
Gary Harris,G,10.2,2.3,1.6,0.55,0.35,1.15,2.0,0.9,13.85,26.0,2021
Gary Harris,G,9.95,2.0,2.03,0.72,0.28,0.95,2.1052631578947367,1.0,14.03,26.0,2021
Gary Harris,G,11.13,1.77,2.0,0.97,0.15,1.0,1.77,1.12,15.02,27.0,2022
Gary Harris,G,8.27,1.23,2.04,0.94,0.25,0.58,2.1206896551724137,1.19,12.15,28.0,2023
Gary Harris,G,6.89,1.61,1.69,0.91,0.26,0.57,2.8245614035087723,1.17,10.79,29.0,2024
Tobias Harris,F,17.12,1.82,6.32,1.01,0.53,1.69,1.076923076923077,1.54,25.11,22.0,2015
Tobias Harris,F,13.65,2.02,6.98,0.96,0.57,1.59,1.270440251572327,1.53,22.59,23.0,2016
Tobias Harris,F,16.56,2.59,6.22,0.67,0.44,1.11,2.333333333333333,1.11,25.37,23.0,2016
Tobias Harris,F,14.68,2.22,6.71,0.86,0.53,1.42,1.563380281690141,1.39,23.58,23.0,2016
Tobias Harris,F,16.11,1.73,5.07,0.73,0.48,1.17,1.4786324786324787,1.21,22.95,24.0,2017
Tobias Harris,F,18.08,1.96,5.08,0.71,0.31,1.06,1.8490566037735847,1.02,25.08,25.0,2018
Tobias Harris,F,19.31,3.06,6.03,1.16,0.62,1.69,1.8106508875739646,1.78,28.49,25.0,2018
Tobias Harris,F,18.58,2.4,5.46,0.89,0.44,1.31,1.83206106870229,1.33,26.46,25.0,2018
Tobias Harris,F,20.95,2.73,7.85,0.73,0.44,1.98,1.378787878787879,1.17,30.72,26.0,2019
Tobias Harris,F,18.22,2.93,7.89,0.41,0.48,1.56,1.8782051282051282,0.89,28.37,26.0,2019
Tobias Harris,F,20.05,2.79,7.87,0.62,0.45,1.84,1.516304347826087,1.07,29.94,26.0,2019
Tobias Harris,F,19.6,3.15,6.88,0.74,0.56,1.44,2.1875,1.3,29.49,27.0,2020
Tobias Harris,F,19.52,3.55,6.76,0.89,0.82,1.73,2.052023121387283,1.71,29.81,28.0,2021
Tobias Harris,F,17.22,3.45,6.79,0.64,0.59,1.59,2.169811320754717,1.23,27.1,29.0,2022
Tobias Harris,F,14.66,2.51,5.73,0.92,0.54,1.2,2.091666666666667,1.46,23.16,30.0,2023
Tobias Harris,F,17.2,3.1,6.47,1.0,0.66,1.33,2.3308270676691727,1.66,27.1,31.0,2024
Josh Hart,G,7.87,1.27,4.17,0.75,0.25,0.75,1.6933333333333334,1.0,13.56,23.0,2018
Josh Hart,G,7.84,1.39,3.7,0.96,0.6,0.87,1.5977011494252873,1.56,13.62,24.0,2019
Josh Hart,G,10.09,1.66,6.54,0.97,0.35,1.15,1.4434782608695653,1.32,18.46,25.0,2020
Josh Hart,G,9.23,2.32,8.02,0.81,0.26,1.04,2.2307692307692304,1.07,19.6,26.0,2021
Josh Hart,G,13.37,4.1,7.76,1.1,0.27,1.98,2.0707070707070705,1.37,24.62,27.0,2022
Josh Hart,G,19.92,4.31,5.38,1.23,0.15,2.54,1.6968503937007873,1.38,28.45,27.0,2022
Josh Hart,G,14.94,4.15,7.19,1.13,0.24,2.11,1.9668246445497632,1.37,25.54,27.0,2022
Josh Hart,G,9.55,3.92,8.18,1.06,0.18,1.55,2.529032258064516,1.24,21.34,28.0,2023
Josh Hart,G,10.24,3.6,7.04,1.36,0.48,1.52,2.3684210526315788,1.84,21.2,28.0,2023
Josh Hart,G,9.78,3.82,7.8,1.16,0.28,1.54,2.4805194805194803,1.44,21.3,28.0,2023
Josh Hart,G,9.4,4.09,8.33,0.93,0.28,1.46,2.8013698630136985,1.21,21.57,29.0,2024
Isaiah Hartenstein,C,1.89,0.54,1.68,0.25,0.43,0.46,1.173913043478261,0.68,4.33,21.0,2019
Isaiah Hartenstein,C,4.65,0.78,3.91,0.39,0.52,0.7,1.1142857142857143,0.91,9.55,22.0,2020
Isaiah Hartenstein,C,3.47,0.5,2.83,0.37,0.67,0.7,0.7142857142857143,1.04,7.14,23.0,2021
Isaiah Hartenstein,C,8.25,2.5,6.0,0.5,1.19,1.44,1.7361111111111112,1.69,17.0,23.0,2021
Isaiah Hartenstein,C,5.13,1.2,3.93,0.41,0.85,0.96,1.25,1.26,10.56,23.0,2021
Isaiah Hartenstein,C,8.28,2.35,4.88,0.74,1.13,1.24,1.8951612903225807,1.87,16.14,24.0,2022
Isaiah Hartenstein,C,4.95,1.24,6.54,0.65,0.78,0.8,1.5499999999999998,1.43,13.36,25.0,2023
Isaiah Hartenstein,C,7.76,2.51,8.35,1.16,1.13,1.24,2.0241935483870965,2.29,19.67,26.0,2024
